anexo;segmento;item;cest;ncm;descricao;tipo_revogacao;ato_revogador;data_ato;doe;data_revogacao;situacao
III;CERVEJA, CHOPE, REFRIGERANTE, ÁGUA E OUTRAS BEBIDAS;1;03.001.00;2201.10.00;Água mineral, gasosa ou não, ou potável, naturais, em garrafa de vidro, retornável ou não, com capacidade de até 500 ml;Item revogado;Portaria CAT-57/21;06/08/2021;07/08/2021;07/08/2021;Revogado (em vigor)
III;CERVEJA, CHOPE, REFRIGERANTE, ÁGUA E OUTRAS BEBIDAS;2;03.002.00;2201.10.00;"Água mineral, gasosa ou não, ou potável, naturais, em embalagem com capacidade igual ou superior a 5.000 ml; exceto as classificadas no CEST 03.024.00 e 03.025.00";Item revogado;Portaria CAT-57/21;06/08/2021;07/08/2021;07/08/2021;Revogado (em vigor)
III;CERVEJA, CHOPE, REFRIGERANTE, ÁGUA E OUTRAS BEBIDAS;3;03.003.00;2201.10.00 2201.90.00;Água mineral, gasosa ou não, ou potável, naturais, em embalagem de vidro descartável;Item revogado;Portaria SRE-09/26;17/03/2026;18/03/2026;01/07/2026;Revogado (em vigor)
III;CERVEJA, CHOPE, REFRIGERANTE, ÁGUA E OUTRAS BEBIDAS;3.1;03.003.01;2201.10.00 2201.90.00;Água mineral, gasosa ou não, ou potável, naturais, adicionadas de sais, em embalagem de vidro descartável;Item revogado;Portaria SRE-09/26;17/03/2026;18/03/2026;01/07/2026;Revogado (em vigor)
III;CERVEJA, CHOPE, REFRIGERANTE, ÁGUA E OUTRAS BEBIDAS;4;03.004.00;2201.10.00;Água mineral, gasosa ou não, ou potável, naturais, em garrafa plástica de 1.500 ml;Item revogado;Portaria CAT-57/21;06/08/2021;07/08/2021;07/08/2021;Revogado (em vigor)
III;CERVEJA, CHOPE, REFRIGERANTE, ÁGUA E OUTRAS BEBIDAS;5;03.005.00;2201.10.00 2201.90.00;Água mineral, gasosa ou não, ou potável, naturais, em copo plástico descartável;Item revogado;Portaria SRE-09/26;17/03/2026;18/03/2026;01/07/2026;Revogado (em vigor)
III;CERVEJA, CHOPE, REFRIGERANTE, ÁGUA E OUTRAS BEBIDAS;5.1;03.005.01;2201.10.00 2201.90.00;Água mineral, gasosa ou não, ou potável, naturais, adicionadas de sais, em copo plástico descartável;Item revogado;Portaria SRE-09/26;17/03/2026;18/03/2026;01/07/2026;Revogado (em vigor)
III;CERVEJA, CHOPE, REFRIGERANTE, ÁGUA E OUTRAS BEBIDAS;5.2;03.005.02;2201.10.00 2201.90.00;Água mineral, gasosa ou não, ou potável, naturais, em jarra descartável;Item revogado;Portaria SRE-09/26;17/03/2026;18/03/2026;01/07/2026;Revogado (em vigor)
III;CERVEJA, CHOPE, REFRIGERANTE, ÁGUA E OUTRAS BEBIDAS;5.3;03.005.03;2201.10.00 2201.90.00;Água mineral, gasosa ou não, ou potável, naturais, adicionadas de sais, em jarra descartável;Item revogado;Portaria SRE-09/26;17/03/2026;18/03/2026;01/07/2026;Revogado (em vigor)
III;CERVEJA, CHOPE, REFRIGERANTE, ÁGUA E OUTRAS BEBIDAS;5.4;03.005.04;2201.10.00 2201.90.00;Água mineral, gasosa ou não, ou potável, naturais, em demais embalagens descartáveis;Item revogado;Portaria SRE-09/26;17/03/2026;18/03/2026;01/07/2026;Revogado (em vigor)
III;CERVEJA, CHOPE, REFRIGERANTE, ÁGUA E OUTRAS BEBIDAS;5.5;03.005.05;2201.10.00 2201.90.00;Água mineral, gasosa ou não, ou potável, naturais, adicionadas de sais, em demais embalagens descartáveis;Item revogado;Portaria SRE-09/26;17/03/2026;18/03/2026;01/07/2026;Revogado (em vigor)
III;CERVEJA, CHOPE, REFRIGERANTE, ÁGUA E OUTRAS BEBIDAS;6;03.006.00;2201;"Outras águas minerais, gasosa ou não, ou potável, naturais; exceto as classificadas no CEST 03.003.00, 03.003.01, 03.005.00, 03.005.01 a 03.005.05, 03.024.00 e 03.025.00";Item revogado;Portaria SRE-09/26;17/03/2026;18/03/2026;01/07/2026;Revogado (em vigor)
III;CERVEJA, CHOPE, REFRIGERANTE, ÁGUA E OUTRAS BEBIDAS;7;03.007.00;2202.10.00;Água aromatizada artificialmente, exceto os refrescos e refrigerantes;Item revogado;Portaria SRE-09/26;17/03/2026;18/03/2026;01/07/2026;Revogado (em vigor)
III;CERVEJA, CHOPE, REFRIGERANTE, ÁGUA E OUTRAS BEBIDAS;8;03.008.00;2202.99.00;Outras águas minerais, gasosa ou não, ou potável, naturais, inclusive gaseificadas ou aromatizadas artificialmente, exceto os refrescos e refrigerantes;Item revogado;Portaria SRE-09/26;17/03/2026;18/03/2026;01/07/2026;Revogado (em vigor)
III;CERVEJA, CHOPE, REFRIGERANTE, ÁGUA E OUTRAS BEBIDAS;14;03.014.00;2106.90 2202.99.00;Bebidas energéticas em embalagem com capacidade igual ou superior a 600ml;Item revogado;Portaria CAT-57/21;06/08/2021;07/08/2021;07/08/2021;Revogado (em vigor)
III;CERVEJA, CHOPE, REFRIGERANTE, ÁGUA E OUTRAS BEBIDAS;16;03.016.00;2106.90 2202.99.00;Bebidas hidroeletrolíticas (isotônicas) em embalagem com capacidade igual ou superior a 600ml;Item revogado;Portaria CAT-57/21;06/08/2021;07/08/2021;07/08/2021;Revogado (em vigor)
III;CERVEJA, CHOPE, REFRIGERANTE, ÁGUA E OUTRAS BEBIDAS;20;03.024.00;2201.10.00;Água mineral em embalagens retornáveis com capacidade igual ou superior a 10 (dez) e inferior a 20 (vinte) litros;Item revogado;Portaria SRE-09/26;17/03/2026;18/03/2026;01/07/2026;Revogado (em vigor)
III;CERVEJA, CHOPE, REFRIGERANTE, ÁGUA E OUTRAS BEBIDAS;21;03.025.00;2201.10.00;Água mineral em embalagens retornáveis com capacidade igual ou superior a 20 (vinte) litros;Item revogado;Portaria SRE-09/26;17/03/2026;18/03/2026;01/07/2026;Revogado (em vigor)
IV;SORVETE E PREPARADO PARA FABRICAÇÃO DE SORVETE EM MÁQUINA;1;23.001.00;2105.00;Sorvetes de qualquer espécie;Anexo inteiro revogado;Portaria SRE-09/26;17/03/2026;18/03/2026;01/07/2026;Revogado (em vigor)
IV;SORVETE E PREPARADO PARA FABRICAÇÃO DE SORVETE EM MÁQUINA;2;23.002.00;1806 1901 2106 0404;Preparados para fabricação de sorvete em máquina;Anexo inteiro revogado;Portaria SRE-09/26;17/03/2026;18/03/2026;01/07/2026;Revogado (em vigor)
VII;PNEUMÁTICOS, CÂMARAS DE AR E PROTETORES DE BORRACHA;1;16.001.00;4011.10.00;Pneus novos, dos tipos utilizados em automóveis de passageiros (incluídos os veículos de uso misto - camionetas e os automóveis de corrida);Anexo inteiro revogado;Portaria SRE-34/26;29/06/2026;30/06/2026;01/10/2026;Revogação futura (não vigente em 30/09/2026)
VII;PNEUMÁTICOS, CÂMARAS DE AR E PROTETORES DE BORRACHA;2;16.002.00;4011;Pneus novos, dos tipos utilizados em caminhões (inclusive para os fora-de-estrada), ônibus, aviões, máquinas de terraplenagem, de construção e conservação de estradas, máquinas e tratores agrícolas, pá-carregadeira;Anexo inteiro revogado;Portaria SRE-34/26;29/06/2026;30/06/2026;01/10/2026;Revogação futura (não vigente em 30/09/2026)
VII;PNEUMÁTICOS, CÂMARAS DE AR E PROTETORES DE BORRACHA;3;16.003.00;4011.40.00;Pneus novos para motocicletas;Anexo inteiro revogado;Portaria SRE-34/26;29/06/2026;30/06/2026;01/10/2026;Revogação futura (não vigente em 30/09/2026)
VII;PNEUMÁTICOS, CÂMARAS DE AR E PROTETORES DE BORRACHA;4;16.004.00;4011;Outros tipos de pneus novos, exceto os itens classificados no CEST 16.005.00;Anexo inteiro revogado;Portaria SRE-34/26;29/06/2026;30/06/2026;01/10/2026;Revogação futura (não vigente em 30/09/2026)
VII;PNEUMÁTICOS, CÂMARAS DE AR E PROTETORES DE BORRACHA;5;16.005.00;4011.50.00;Pneus novos de borracha dos tipos utilizados em bicicletas;Anexo inteiro revogado;Portaria SRE-34/26;29/06/2026;30/06/2026;01/10/2026;Revogação futura (não vigente em 30/09/2026)
VII;PNEUMÁTICOS, CÂMARAS DE AR E PROTETORES DE BORRACHA;6;16.007.00;4012.90;Protetores de borracha, exceto os itens classificados no CEST 16.007.01;Anexo inteiro revogado;Portaria SRE-34/26;29/06/2026;30/06/2026;01/10/2026;Revogação futura (não vigente em 30/09/2026)
VII;PNEUMÁTICOS, CÂMARAS DE AR E PROTETORES DE BORRACHA;7;16.008.00;4013;Câmaras de ar de borracha, exceto os itens classificados no CEST 16.009.00;Anexo inteiro revogado;Portaria SRE-34/26;29/06/2026;30/06/2026;01/10/2026;Revogação futura (não vigente em 30/09/2026)
VII;PNEUMÁTICOS, CÂMARAS DE AR E PROTETORES DE BORRACHA;8;16.009.00;4013.20.00;Câmaras de ar de borracha dos tipos utilizados em bicicletas;Anexo inteiro revogado;Portaria SRE-34/26;29/06/2026;30/06/2026;01/10/2026;Revogação futura (não vigente em 30/09/2026)
VIII;TINTAS, VERNIZES E OUTROS PRODUTOS DA INDÚSTRIA QUÍMICA;1;24.001.00;3208 3209 3210.00;Tintas, vernizes;Anexo inteiro revogado;Portaria SRE-34/26;29/06/2026;30/06/2026;01/10/2026;Revogação futura (não vigente em 30/09/2026)
VIII;TINTAS, VERNIZES E OUTROS PRODUTOS DA INDÚSTRIA QUÍMICA;2;24.002.00;2821 3204.17.00 3206;Xadrez e pós assemelhados, em embalagem de conteúdo inferior ou igual a 1 kg, exceto pigmentos à base de dióxido de titânio classificados no código NCM 3206.11.10;Anexo inteiro revogado;Portaria SRE-34/26;29/06/2026;30/06/2026;01/10/2026;Revogação futura (não vigente em 30/09/2026)
VIII;TINTAS, VERNIZES E OUTROS PRODUTOS DA INDÚSTRIA QUÍMICA;3;24.003.00;3204 3205.00.00 3206 3212;Corantes para aplicação em bases, tintas e vernizes;Anexo inteiro revogado;Portaria SRE-34/26;29/06/2026;30/06/2026;01/10/2026;Revogação futura (não vigente em 30/09/2026)
IX;MEDICAMENTOS;1;13.001.00;3003 3004;Medicamentos de referência - positiva, exceto para uso veterinário;Anexo inteiro revogado;Portaria SRE-64/25;01/10/2025;02/10/2025;01/01/2026;Revogado (em vigor)
IX;MEDICAMENTOS;2;13.001.01;3003 3004;Medicamentos de referência - negativa, exceto para uso veterinário;Anexo inteiro revogado;Portaria SRE-64/25;01/10/2025;02/10/2025;01/01/2026;Revogado (em vigor)
IX;MEDICAMENTOS;3;13.001.02;3003 3004;Medicamentos de referência - neutra, exceto para uso veterinário;Anexo inteiro revogado;Portaria SRE-64/25;01/10/2025;02/10/2025;01/01/2026;Revogado (em vigor)
IX;MEDICAMENTOS;4;13.002.00;3003 3004;Medicamentos genérico - positiva, exceto para uso veterinário;Anexo inteiro revogado;Portaria SRE-64/25;01/10/2025;02/10/2025;01/01/2026;Revogado (em vigor)
IX;MEDICAMENTOS;5;13.002.01;3003 3004;Medicamentos genérico - negativa, exceto para uso veterinário;Anexo inteiro revogado;Portaria SRE-64/25;01/10/2025;02/10/2025;01/01/2026;Revogado (em vigor)
IX;MEDICAMENTOS;6;13.002.02;3003 3004;Medicamentos genérico - neutra, exceto para uso veterinário;Anexo inteiro revogado;Portaria SRE-64/25;01/10/2025;02/10/2025;01/01/2026;Revogado (em vigor)
IX;MEDICAMENTOS;7;13.003.00;3003 3004;Medicamentos similar - positiva, exceto para uso veterinário;Anexo inteiro revogado;Portaria SRE-64/25;01/10/2025;02/10/2025;01/01/2026;Revogado (em vigor)
IX;MEDICAMENTOS;8;13.003.01;3003 3004;Medicamentos similar - negativa, exceto para uso veterinário;Anexo inteiro revogado;Portaria SRE-64/25;01/10/2025;02/10/2025;01/01/2026;Revogado (em vigor)
IX;MEDICAMENTOS;9;13.003.02;3003 3004;Medicamentos similar - neutra, exceto para uso veterinário;Anexo inteiro revogado;Portaria SRE-64/25;01/10/2025;02/10/2025;01/01/2026;Revogado (em vigor)
IX;MEDICAMENTOS;10;13.004.00;3003 3004;Outros tipos de medicamentos - positiva, exceto para uso veterinário;Anexo inteiro revogado;Portaria SRE-64/25;01/10/2025;02/10/2025;01/01/2026;Revogado (em vigor)
IX;MEDICAMENTOS;11;13.004.01;3003 3004;Outros tipos de medicamentos - negativa, exceto para uso veterinário;Anexo inteiro revogado;Portaria SRE-64/25;01/10/2025;02/10/2025;01/01/2026;Revogado (em vigor)
IX;MEDICAMENTOS;12;13.004.02;3003 3004;Outros tipos de medicamentos - neutra, exceto para uso veterinário;Anexo inteiro revogado;Portaria SRE-64/25;01/10/2025;02/10/2025;01/01/2026;Revogado (em vigor)
IX;MEDICAMENTOS;13;13.005.00;3006.60.00;Preparações químicas contraceptivas de referência, à base de hormônios, de outros produtos da posição 29.37 ou de espermicidas - positiva;Anexo inteiro revogado;Portaria SRE-64/25;01/10/2025;02/10/2025;01/01/2026;Revogado (em vigor)
IX;MEDICAMENTOS;14;13.005.01;3006.60.00;Preparações químicas contraceptivas de referência, à base de hormônios, de outros produtos da posição 29.37 ou de espermicidas - negativa;Anexo inteiro revogado;Portaria SRE-64/25;01/10/2025;02/10/2025;01/01/2026;Revogado (em vigor)
IX;MEDICAMENTOS;15;13.005.02;3006.60.00;Preparações químicas contraceptivas genérico, à base de hormônios, de outros produtos da posição 29.37 ou de espermicidas - positiva;Anexo inteiro revogado;Portaria SRE-64/25;01/10/2025;02/10/2025;01/01/2026;Revogado (em vigor)
IX;MEDICAMENTOS;16;13.005.03;3006.60.00;Preparações químicas contraceptivas genérico, à base de hormônios, de outros produtos da posição 29.37 ou de espermicidas - negativa;Anexo inteiro revogado;Portaria SRE-64/25;01/10/2025;02/10/2025;01/01/2026;Revogado (em vigor)
IX;MEDICAMENTOS;17;13.005.04;3006.60.00;Preparações químicas contraceptivas similar, à base de hormônios, de outros produtos da posição 29.37 ou de espermicidas - positiva;Anexo inteiro revogado;Portaria SRE-64/25;01/10/2025;02/10/2025;01/01/2026;Revogado (em vigor)
IX;MEDICAMENTOS;18;13.005.05;3006.60.00;Preparações químicas contraceptivas similar, à base de hormônios, de outros produtos da posição 29.37 ou de espermicidas - negativa;Anexo inteiro revogado;Portaria SRE-64/25;01/10/2025;02/10/2025;01/01/2026;Revogado (em vigor)
IX;MEDICAMENTOS;19;13.006.00;2936;Provitaminas e vitaminas, naturais ou reproduzidas por síntese (incluídos os concentrados naturais), bem como os seus derivados utilizados principalmente como vitaminas, misturados ou não entre si, mesmo em quaisquer soluções - neutra;Anexo inteiro revogado;Portaria SRE-64/25;01/10/2025;02/10/2025;01/01/2026;Revogado (em vigor)
IX;MEDICAMENTOS;20;13.008.00;3002;Antissoro, outras frações do sangue, produtos imunológicos modificados, mesmo obtidos por via biotecnológica, exceto para uso veterinário - positiva;Anexo inteiro revogado;Portaria SRE-64/25;01/10/2025;02/10/2025;01/01/2026;Revogado (em vigor)
IX;MEDICAMENTOS;21;13.008.01;3002;Antissoro, outras frações do sangue, produtos imunológicos modificados, mesmo obtidos por via biotecnológica, exceto para uso veterinário - negativa;Anexo inteiro revogado;Portaria SRE-64/25;01/10/2025;02/10/2025;01/01/2026;Revogado (em vigor)
IX;MEDICAMENTOS;22;13.009.00;3002;Vacinas e produtos semelhantes, exceto para uso veterinário - positiva;Anexo inteiro revogado;Portaria SRE-64/25;01/10/2025;02/10/2025;01/01/2026;Revogado (em vigor)
IX;MEDICAMENTOS;23;13.009.01;3002;Vacinas e produtos semelhantes, exceto para uso veterinário - negativa;Anexo inteiro revogado;Portaria SRE-64/25;01/10/2025;02/10/2025;01/01/2026;Revogado (em vigor)
IX;MEDICAMENTOS;24;13.010.00;3005.10.10;Curativos (pensos) adesivos e outros artigos com uma camada adesiva, impregnados ou recobertos de substâncias farmacêuticas - Lista Positiva;Anexo inteiro revogado;Portaria SRE-64/25;01/10/2025;02/10/2025;01/01/2026;Revogado (em vigor)
IX;MEDICAMENTOS;25;13.010.01;3005.10.10;Curativos (pensos) adesivos e outros artigos com uma camada adesiva, impregnados ou recobertos de substâncias farmacêuticas - Lista Negativa;Anexo inteiro revogado;Portaria SRE-64/25;01/10/2025;02/10/2025;01/01/2026;Revogado (em vigor)
IX;MEDICAMENTOS;26;13.011.00;3005;Algodão, atadura, esparadrapo, gazes, pensos, sinapismos, e outros, acondicionados para venda a retalho para usos medicinais, cirúrgicos ou dentários, não impregnados ou recobertos de substâncias farmacêuticas - Lista Neutra;Anexo inteiro revogado;Portaria SRE-64/25;01/10/2025;02/10/2025;01/01/2026;Revogado (em vigor)
IX;MEDICAMENTOS;27;13.012.00;4015.12.00 4015.19.00;Luvas cirúrgicas e luvas de procedimento - neutra;Anexo inteiro revogado;Portaria SRE-64/25;01/10/2025;02/10/2025;01/01/2026;Revogado (em vigor)
IX;MEDICAMENTOS;28;13.014.00;9018.31;Seringas, mesmo com agulhas - neutra;Anexo inteiro revogado;Portaria SRE-64/25;01/10/2025;02/10/2025;01/01/2026;Revogado (em vigor)
IX;MEDICAMENTOS;29;13.015.00;9018.32.1;Agulhas para seringas - neutra;Anexo inteiro revogado;Portaria SRE-64/25;01/10/2025;02/10/2025;01/01/2026;Revogado (em vigor)
IX;MEDICAMENTOS;30;13.016.00;3926.90.90 9018.90.99;Contraceptivos (dispositivos intrauterinos - DIU) - neutra;Anexo inteiro revogado;Portaria SRE-64/25;01/10/2025;02/10/2025;01/01/2026;Revogado (em vigor)
X;BEBIDAS ALCOÓLICAS;1;02.001.00;2205 2208.90.00;Aperitivos, amargos, bitter e similares;Anexo inteiro revogado;Portaria SRE-64/25;01/10/2025;02/10/2025;01/01/2026;Revogado (em vigor)
X;BEBIDAS ALCOÓLICAS;2;02.002.00;2208.90.00;Batida e similares;Anexo inteiro revogado;Portaria SRE-64/25;01/10/2025;02/10/2025;01/01/2026;Revogado (em vigor)
X;BEBIDAS ALCOÓLICAS;3;02.003.00;2208.90.00;Bebida ice;Anexo inteiro revogado;Portaria SRE-64/25;01/10/2025;02/10/2025;01/01/2026;Revogado (em vigor)
X;BEBIDAS ALCOÓLICAS;4;02.004.00;2207.20 2208.40.00;Cachaça e aguardentes;Anexo inteiro revogado;Portaria SRE-64/25;01/10/2025;02/10/2025;01/01/2026;Revogado (em vigor)
X;BEBIDAS ALCOÓLICAS;5;02.005.00;2205 2206.00.90 2208.90.00;Catuaba e similares;Anexo inteiro revogado;Portaria SRE-64/25;01/10/2025;02/10/2025;01/01/2026;Revogado (em vigor)
X;BEBIDAS ALCOÓLICAS;6;02.006.00;2208.20.00;Conhaque, brandy e similares;Anexo inteiro revogado;Portaria SRE-64/25;01/10/2025;02/10/2025;01/01/2026;Revogado (em vigor)
X;BEBIDAS ALCOÓLICAS;7;02.007.00;2206.00.90 2208.90.00;Cooler;Anexo inteiro revogado;Portaria SRE-64/25;01/10/2025;02/10/2025;01/01/2026;Revogado (em vigor)
X;BEBIDAS ALCOÓLICAS;8;02.008.00;2208.50.00;Gim (gin) e genebra;Anexo inteiro revogado;Portaria SRE-64/25;01/10/2025;02/10/2025;01/01/2026;Revogado (em vigor)
X;BEBIDAS ALCOÓLICAS;9;02.009.00;2205 2206.00.90 2208.90.00;Jurubeba e similares;Anexo inteiro revogado;Portaria SRE-64/25;01/10/2025;02/10/2025;01/01/2026;Revogado (em vigor)
X;BEBIDAS ALCOÓLICAS;10;02.010.00;2208.70.00;Licores e similares;Anexo inteiro revogado;Portaria SRE-64/25;01/10/2025;02/10/2025;01/01/2026;Revogado (em vigor)
X;BEBIDAS ALCOÓLICAS;11;02.011.00;2208.20.00;Pisco;Anexo inteiro revogado;Portaria SRE-64/25;01/10/2025;02/10/2025;01/01/2026;Revogado (em vigor)
X;BEBIDAS ALCOÓLICAS;12;02.012.00;2208.40.00;Rum;Anexo inteiro revogado;Portaria SRE-64/25;01/10/2025;02/10/2025;01/01/2026;Revogado (em vigor)
X;BEBIDAS ALCOÓLICAS;13;02.013.00;2206.00.90;Saquê;Anexo inteiro revogado;Portaria SRE-64/25;01/10/2025;02/10/2025;01/01/2026;Revogado (em vigor)
X;BEBIDAS ALCOÓLICAS;14;02.014.00;2208.90.00;Steinhaeger;Anexo inteiro revogado;Portaria SRE-64/25;01/10/2025;02/10/2025;01/01/2026;Revogado (em vigor)
X;BEBIDAS ALCOÓLICAS;15;02.015.00;2208.90.00;Tequila;Anexo inteiro revogado;Portaria SRE-64/25;01/10/2025;02/10/2025;01/01/2026;Revogado (em vigor)
X;BEBIDAS ALCOÓLICAS;16;02.016.00;2208.30;Uísque;Anexo inteiro revogado;Portaria SRE-64/25;01/10/2025;02/10/2025;01/01/2026;Revogado (em vigor)
X;BEBIDAS ALCOÓLICAS;17;02.017.00;2205;Vermute e similares;Anexo inteiro revogado;Portaria SRE-64/25;01/10/2025;02/10/2025;01/01/2026;Revogado (em vigor)
X;BEBIDAS ALCOÓLICAS;18;02.018.00;2208.60.00;Vodka;Anexo inteiro revogado;Portaria SRE-64/25;01/10/2025;02/10/2025;01/01/2026;Revogado (em vigor)
X;BEBIDAS ALCOÓLICAS;19;02.019.00;2208.90.00;Derivados de vodka;Anexo inteiro revogado;Portaria SRE-64/25;01/10/2025;02/10/2025;01/01/2026;Revogado (em vigor)
X;BEBIDAS ALCOÓLICAS;20;02.020.00;2208.90.00;Arak;Anexo inteiro revogado;Portaria SRE-64/25;01/10/2025;02/10/2025;01/01/2026;Revogado (em vigor)
X;BEBIDAS ALCOÓLICAS;21;02.021.00;2208.20.00;Aguardente vínica / grappa;Anexo inteiro revogado;Portaria SRE-64/25;01/10/2025;02/10/2025;01/01/2026;Revogado (em vigor)
X;BEBIDAS ALCOÓLICAS;22;02.022.00;2206.00.10;Sidra e similares;Anexo inteiro revogado;Portaria SRE-64/25;01/10/2025;02/10/2025;01/01/2026;Revogado (em vigor)
X;BEBIDAS ALCOÓLICAS;23;02.023.00;2205 2206.00.90 2208.90.00;Sangrias e coquetéis;Anexo inteiro revogado;Portaria SRE-64/25;01/10/2025;02/10/2025;01/01/2026;Revogado (em vigor)
X;BEBIDAS ALCOÓLICAS;24;02.024.00;2204;"Vinhos de uvas frescas, incluindo os vinhos enriquecidos com álcool; mostos de uvas. NOTA - Vide artigo 2º desta Portaria.";Anexo inteiro revogado;Portaria SRE-64/25;01/10/2025;02/10/2025;01/01/2026;Revogado (em vigor)
X;BEBIDAS ALCOÓLICAS;25;02.999.00;2205 2206 2207 2208;Outras bebidas alcoólicas não especificadas nos itens anteriores;Anexo inteiro revogado;Portaria SRE-64/25;01/10/2025;02/10/2025;01/01/2026;Revogado (em vigor)
XI;PRODUTOS DE PERFUMARIA E DE HIGIENE PESSOAL;1;20.001.00;1211.90.90;Henna (embalagens de conteúdo inferior ou igual a 200 g);Anexo inteiro revogado;Portaria SRE-94/25;22/12/2025;23/12/2025;01/04/2026;Revogado (em vigor)
XI;PRODUTOS DE PERFUMARIA E DE HIGIENE PESSOAL;2;20.002.00;2712.10.00;Vaselina;Anexo inteiro revogado;Portaria SRE-94/25;22/12/2025;23/12/2025;01/04/2026;Revogado (em vigor)
XI;PRODUTOS DE PERFUMARIA E DE HIGIENE PESSOAL;3;20.003.00;2814.20.00;Amoníaco em solução aquosa (amônia);Anexo inteiro revogado;Portaria SRE-94/25;22/12/2025;23/12/2025;01/04/2026;Revogado (em vigor)
XI;PRODUTOS DE PERFUMARIA E DE HIGIENE PESSOAL;4;20.004.00;2847.00.00;Peróxido de hidrogênio, em embalagens de conteúdo inferior ou igual a 500 ml;Anexo inteiro revogado;Portaria SRE-94/25;22/12/2025;23/12/2025;01/04/2026;Revogado (em vigor)
XI;PRODUTOS DE PERFUMARIA E DE HIGIENE PESSOAL;5;20.005.00;3006.70.00;Lubrificação íntima;Anexo inteiro revogado;Portaria SRE-94/25;22/12/2025;23/12/2025;01/04/2026;Revogado (em vigor)
XI;PRODUTOS DE PERFUMARIA E DE HIGIENE PESSOAL;6;20.006.00;3301;"Óleos essenciais (desterpenados ou não), incluídos os chamados “concretos” ou “absolutos”; resinoides; oleorresinas de extração; soluções concentradas de óleos essenciais em gorduras, em óleos fixos, em ceras ou em matérias análogas, obtidas por tratamento de flores através de substâncias gordas ou por maceração; subprodutos terpênicos residuais da desterpenação dos óleos essenciais; águas destiladas aromáticas e soluções aquosas de óleos essenciais, em embalagens de conteúdo inferior ou igual a 500 ml";Anexo inteiro revogado;Portaria SRE-94/25;22/12/2025;23/12/2025;01/04/2026;Revogado (em vigor)
XI;PRODUTOS DE PERFUMARIA E DE HIGIENE PESSOAL;7;20.007.00;3303.00.10;Perfumes (extratos);Anexo inteiro revogado;Portaria SRE-94/25;22/12/2025;23/12/2025;01/04/2026;Revogado (em vigor)
XI;PRODUTOS DE PERFUMARIA E DE HIGIENE PESSOAL;8;20.008.00;3303.00.20;Águas-de-colônia;Anexo inteiro revogado;Portaria SRE-94/25;22/12/2025;23/12/2025;01/04/2026;Revogado (em vigor)
XI;PRODUTOS DE PERFUMARIA E DE HIGIENE PESSOAL;9;20.009.00;3304.10.00;Produtos de maquilagem para os lábios;Anexo inteiro revogado;Portaria SRE-94/25;22/12/2025;23/12/2025;01/04/2026;Revogado (em vigor)
XI;PRODUTOS DE PERFUMARIA E DE HIGIENE PESSOAL;10;20.010.00;3304.20.10;Sombra, delineador, lápis para sobrancelhas e rímel;Anexo inteiro revogado;Portaria SRE-94/25;22/12/2025;23/12/2025;01/04/2026;Revogado (em vigor)
XI;PRODUTOS DE PERFUMARIA E DE HIGIENE PESSOAL;11;20.011.00;3304.20.90;Outros produtos de maquilagem para os olhos;Anexo inteiro revogado;Portaria SRE-94/25;22/12/2025;23/12/2025;01/04/2026;Revogado (em vigor)
XI;PRODUTOS DE PERFUMARIA E DE HIGIENE PESSOAL;12;20.012.00;3304.30.00;Preparações para manicuros e pedicuros, incluindo removedores de esmalte à base de acetona;Anexo inteiro revogado;Portaria SRE-94/25;22/12/2025;23/12/2025;01/04/2026;Revogado (em vigor)
XI;PRODUTOS DE PERFUMARIA E DE HIGIENE PESSOAL;13;20.013.00;3304.91.00;Pós, incluídos os compactos;Anexo inteiro revogado;Portaria SRE-94/25;22/12/2025;23/12/2025;01/04/2026;Revogado (em vigor)
XI;PRODUTOS DE PERFUMARIA E DE HIGIENE PESSOAL;14;20.014.00;3304.99.10;Cremes de beleza, cremes nutritivos e loções tônicas;Anexo inteiro revogado;Portaria SRE-94/25;22/12/2025;23/12/2025;01/04/2026;Revogado (em vigor)
XI;PRODUTOS DE PERFUMARIA E DE HIGIENE PESSOAL;15;20.015.00;3304.99.90;Outros produtos de beleza ou de maquilagem preparados e preparações para conservação ou cuidados da pele, exceto as preparações solares e antissolares;Anexo inteiro revogado;Portaria SRE-94/25;22/12/2025;23/12/2025;01/04/2026;Revogado (em vigor)
XI;PRODUTOS DE PERFUMARIA E DE HIGIENE PESSOAL;16;20.016.00;3304.99.90;Preparações solares e antissolares;Anexo inteiro revogado;Portaria SRE-94/25;22/12/2025;23/12/2025;01/04/2026;Revogado (em vigor)
XI;PRODUTOS DE PERFUMARIA E DE HIGIENE PESSOAL;17;20.017.00;3305.10.00;Xampus para o cabelo;Anexo inteiro revogado;Portaria SRE-94/25;22/12/2025;23/12/2025;01/04/2026;Revogado (em vigor)
XI;PRODUTOS DE PERFUMARIA E DE HIGIENE PESSOAL;18;20.018.00;3305.20.00;Preparações para ondulação ou alisamento, permanentes, dos cabelos;Anexo inteiro revogado;Portaria SRE-94/25;22/12/2025;23/12/2025;01/04/2026;Revogado (em vigor)
XI;PRODUTOS DE PERFUMARIA E DE HIGIENE PESSOAL;19;20.019.00;3305.30.00;Laquês para o cabelo;Anexo inteiro revogado;Portaria SRE-94/25;22/12/2025;23/12/2025;01/04/2026;Revogado (em vigor)
XI;PRODUTOS DE PERFUMARIA E DE HIGIENE PESSOAL;20;20.020.00;3305.90.00;Outras preparações capilares, incluindo máscaras e finalizadores;Anexo inteiro revogado;Portaria SRE-94/25;22/12/2025;23/12/2025;01/04/2026;Revogado (em vigor)
XI;PRODUTOS DE PERFUMARIA E DE HIGIENE PESSOAL;21;20.021.00;3305.90.00;Condicionadores;Anexo inteiro revogado;Portaria SRE-94/25;22/12/2025;23/12/2025;01/04/2026;Revogado (em vigor)
XI;PRODUTOS DE PERFUMARIA E DE HIGIENE PESSOAL;22;20.022.00;3305.90.00;Tintura para o cabelo;Anexo inteiro revogado;Portaria SRE-94/25;22/12/2025;23/12/2025;01/04/2026;Revogado (em vigor)
XI;PRODUTOS DE PERFUMARIA E DE HIGIENE PESSOAL;23;20.023.00;3306.10.00;Dentifrícios;Anexo inteiro revogado;Portaria SRE-94/25;22/12/2025;23/12/2025;01/04/2026;Revogado (em vigor)
XI;PRODUTOS DE PERFUMARIA E DE HIGIENE PESSOAL;24;20.024.00;3306.20.00;Fios utilizados para limpar os espaços interdentais (fios dentais);Anexo inteiro revogado;Portaria SRE-94/25;22/12/2025;23/12/2025;01/04/2026;Revogado (em vigor)
XI;PRODUTOS DE PERFUMARIA E DE HIGIENE PESSOAL;25;20.025.00;3306.90.00;Outras preparações para higiene bucal ou dentária;Anexo inteiro revogado;Portaria SRE-94/25;22/12/2025;23/12/2025;01/04/2026;Revogado (em vigor)
XI;PRODUTOS DE PERFUMARIA E DE HIGIENE PESSOAL;26;20.026.00;3307.10.00;Preparações para barbear (antes, durante ou após);Anexo inteiro revogado;Portaria SRE-94/25;22/12/2025;23/12/2025;01/04/2026;Revogado (em vigor)
XI;PRODUTOS DE PERFUMARIA E DE HIGIENE PESSOAL;27;20.027.00;3307.20.10;Desodorantes (desodorizantes) corporais líquidos, exceto os classificados no CEST 20.027.01;Anexo inteiro revogado;Portaria SRE-94/25;22/12/2025;23/12/2025;01/04/2026;Revogado (em vigor)
XI;PRODUTOS DE PERFUMARIA E DE HIGIENE PESSOAL;28;20.027.01;3307.20.10;Loções e óleos desodorantes hidratantes líquidos;Anexo inteiro revogado;Portaria SRE-94/25;22/12/2025;23/12/2025;01/04/2026;Revogado (em vigor)
XI;PRODUTOS DE PERFUMARIA E DE HIGIENE PESSOAL;29;20.028.00;3307.20.10;Antiperspirantes líquidos;Anexo inteiro revogado;Portaria SRE-94/25;22/12/2025;23/12/2025;01/04/2026;Revogado (em vigor)
XI;PRODUTOS DE PERFUMARIA E DE HIGIENE PESSOAL;30;20.029.00;3307.20.90;Outros desodorantes (desodorizantes) corporais, exceto os classificados no CEST 20.029.01;Anexo inteiro revogado;Portaria SRE-94/25;22/12/2025;23/12/2025;01/04/2026;Revogado (em vigor)
XI;PRODUTOS DE PERFUMARIA E DE HIGIENE PESSOAL;31;20.029.01;3307.20.90;Outras loções e óleos desodorantes hidratantes;Anexo inteiro revogado;Portaria SRE-94/25;22/12/2025;23/12/2025;01/04/2026;Revogado (em vigor)
XI;PRODUTOS DE PERFUMARIA E DE HIGIENE PESSOAL;32;20.030.00;3307.20.90;Outros antiperspirantes;Anexo inteiro revogado;Portaria SRE-94/25;22/12/2025;23/12/2025;01/04/2026;Revogado (em vigor)
XI;PRODUTOS DE PERFUMARIA E DE HIGIENE PESSOAL;33;20.031.00;3307.30.00;Sais perfumados e outras preparações para banhos;Anexo inteiro revogado;Portaria SRE-94/25;22/12/2025;23/12/2025;01/04/2026;Revogado (em vigor)
XI;PRODUTOS DE PERFUMARIA E DE HIGIENE PESSOAL;34;20.032.00;3307.90.00;Outros produtos de perfumaria preparados;Anexo inteiro revogado;Portaria SRE-94/25;22/12/2025;23/12/2025;01/04/2026;Revogado (em vigor)
XI;PRODUTOS DE PERFUMARIA E DE HIGIENE PESSOAL;35;20.032.01;3307.90.00;Outros produtos de toucador preparados;Anexo inteiro revogado;Portaria SRE-94/25;22/12/2025;23/12/2025;01/04/2026;Revogado (em vigor)
XI;PRODUTOS DE PERFUMARIA E DE HIGIENE PESSOAL;36;20.033.00;3307.90.00;Soluções para lentes de contato ou para olhos artificiais;Anexo inteiro revogado;Portaria SRE-94/25;22/12/2025;23/12/2025;01/04/2026;Revogado (em vigor)
XI;PRODUTOS DE PERFUMARIA E DE HIGIENE PESSOAL;37;20.034.00;3401.11.90;Sabões de toucador em barras, pedaços ou figuras moldados, exceto CEST 20.034.01;Anexo inteiro revogado;Portaria SRE-94/25;22/12/2025;23/12/2025;01/04/2026;Revogado (em vigor)
XI;PRODUTOS DE PERFUMARIA E DE HIGIENE PESSOAL;38;20.034.01;3401.11.90;Lenços umedecidos;Anexo inteiro revogado;Portaria SRE-94/25;22/12/2025;23/12/2025;01/04/2026;Revogado (em vigor)
XI;PRODUTOS DE PERFUMARIA E DE HIGIENE PESSOAL;39;20.035.00;3401.19.00;Outros sabões, produtos e preparações, em barras, pedaços ou figuras moldados;Anexo inteiro revogado;Portaria SRE-94/25;22/12/2025;23/12/2025;01/04/2026;Revogado (em vigor)
XI;PRODUTOS DE PERFUMARIA E DE HIGIENE PESSOAL;40;20.036.00;3401.20.10;Sabões de toucador sob outras formas;Anexo inteiro revogado;Portaria SRE-94/25;22/12/2025;23/12/2025;01/04/2026;Revogado (em vigor)
XI;PRODUTOS DE PERFUMARIA E DE HIGIENE PESSOAL;41;20.037.00;3401.30.00;Produtos e preparações orgânicos tensoativos para lavagem da pele, na forma de líquido ou de creme, acondicionados para venda a retalho, mesmo contendo sabão;Anexo inteiro revogado;Portaria SRE-94/25;22/12/2025;23/12/2025;01/04/2026;Revogado (em vigor)
XI;PRODUTOS DE PERFUMARIA E DE HIGIENE PESSOAL;42;20.038.00;4014.90.10;Bolsa para gelo ou para água quente;Anexo inteiro revogado;Portaria SRE-94/25;22/12/2025;23/12/2025;01/04/2026;Revogado (em vigor)
XI;PRODUTOS DE PERFUMARIA E DE HIGIENE PESSOAL;43;20.039.00;4014.90.90;Chupetas e bicos para mamadeiras e para chupetas, de borracha;Anexo inteiro revogado;Portaria SRE-94/25;22/12/2025;23/12/2025;01/04/2026;Revogado (em vigor)
XI;PRODUTOS DE PERFUMARIA E DE HIGIENE PESSOAL;44;20.040.00;3924.90.00 3926.90.40 926.90.90;Chupetas e bicos para mamadeiras e para chupetas, de silicone;Anexo inteiro revogado;Portaria SRE-94/25;22/12/2025;23/12/2025;01/04/2026;Revogado (em vigor)
XI;PRODUTOS DE PERFUMARIA E DE HIGIENE PESSOAL;45;20.041.00;4202.1;Malas e maletas de toucador;Anexo inteiro revogado;Portaria SRE-94/25;22/12/2025;23/12/2025;01/04/2026;Revogado (em vigor)
XI;PRODUTOS DE PERFUMARIA E DE HIGIENE PESSOAL;46;20.042.00;4818.10.00;Papel higiênico - folha simples;Anexo inteiro revogado;Portaria SRE-94/25;22/12/2025;23/12/2025;01/04/2026;Revogado (em vigor)
XI;PRODUTOS DE PERFUMARIA E DE HIGIENE PESSOAL;47;20.043.00;4818.10.00;Papel higiênico - folha dupla, tripla e quádrupla;Anexo inteiro revogado;Portaria SRE-94/25;22/12/2025;23/12/2025;01/04/2026;Revogado (em vigor)
XI;PRODUTOS DE PERFUMARIA E DE HIGIENE PESSOAL;48;20.044.00;4818.20.00;Lenços (incluídos os de maquilagem) e toalhas de mão;Anexo inteiro revogado;Portaria SRE-94/25;22/12/2025;23/12/2025;01/04/2026;Revogado (em vigor)
XI;PRODUTOS DE PERFUMARIA E DE HIGIENE PESSOAL;49;20.045.00;4818.20.00;Papel toalha de uso institucional do tipo comercializado em rolos igual ou superior a 80 metros e do tipo comercializado em folhas intercaladas;Anexo inteiro revogado;Portaria SRE-94/25;22/12/2025;23/12/2025;01/04/2026;Revogado (em vigor)
XI;PRODUTOS DE PERFUMARIA E DE HIGIENE PESSOAL;50;20.046.00;4818.30.00;Toalhas e guardanapos de mesa;Anexo inteiro revogado;Portaria SRE-94/25;22/12/2025;23/12/2025;01/04/2026;Revogado (em vigor)
XI;PRODUTOS DE PERFUMARIA E DE HIGIENE PESSOAL;51;20.047.00;4818.90.90;Toalhas de cozinha (papel toalha de uso doméstico);Anexo inteiro revogado;Portaria SRE-94/25;22/12/2025;23/12/2025;01/04/2026;Revogado (em vigor)
XI;PRODUTOS DE PERFUMARIA E DE HIGIENE PESSOAL;52;20.048.00;9619.00.00;Fraldas, exceto os descritos no CEST 20.048.01;Anexo inteiro revogado;Portaria SRE-94/25;22/12/2025;23/12/2025;01/04/2026;Revogado (em vigor)
XI;PRODUTOS DE PERFUMARIA E DE HIGIENE PESSOAL;53;20.048.01;9619.00.00;Fraldas de fibras têxteis;Anexo inteiro revogado;Portaria SRE-94/25;22/12/2025;23/12/2025;01/04/2026;Revogado (em vigor)
XI;PRODUTOS DE PERFUMARIA E DE HIGIENE PESSOAL;54;20.049.00;9619.00.00;Tampões higiênicos;Anexo inteiro revogado;Portaria SRE-94/25;22/12/2025;23/12/2025;01/04/2026;Revogado (em vigor)
XI;PRODUTOS DE PERFUMARIA E DE HIGIENE PESSOAL;55;20.050.00;9619.00.00;Absorventes higiênicos externos;Anexo inteiro revogado;Portaria SRE-94/25;22/12/2025;23/12/2025;01/04/2026;Revogado (em vigor)
XI;PRODUTOS DE PERFUMARIA E DE HIGIENE PESSOAL;56;20.051.00;5601.21.90;Hastes flexíveis (uso não medicinal);Anexo inteiro revogado;Portaria SRE-94/25;22/12/2025;23/12/2025;01/04/2026;Revogado (em vigor)
XI;PRODUTOS DE PERFUMARIA E DE HIGIENE PESSOAL;57;20.052.00;5603.92.90;Sutiã descartável, assemelhados e papel para depilação;Anexo inteiro revogado;Portaria SRE-94/25;22/12/2025;23/12/2025;01/04/2026;Revogado (em vigor)
XI;PRODUTOS DE PERFUMARIA E DE HIGIENE PESSOAL;58;20.053.00;8203.20.90;Pinças para sobrancelhas;Anexo inteiro revogado;Portaria SRE-94/25;22/12/2025;23/12/2025;01/04/2026;Revogado (em vigor)
XI;PRODUTOS DE PERFUMARIA E DE HIGIENE PESSOAL;59;20.054.00;8214.10.00;Espátulas (artigos de cutelaria);Anexo inteiro revogado;Portaria SRE-94/25;22/12/2025;23/12/2025;01/04/2026;Revogado (em vigor)
XI;PRODUTOS DE PERFUMARIA E DE HIGIENE PESSOAL;60;20.055.00;8214.20.00;Utensílios e sortidos de utensílios de manicuros ou de pedicuros (incluídas as limas para unhas);Anexo inteiro revogado;Portaria SRE-94/25;22/12/2025;23/12/2025;01/04/2026;Revogado (em vigor)
XI;PRODUTOS DE PERFUMARIA E DE HIGIENE PESSOAL;61;20.056.00;9025.11.10 9025.19.90;Termômetros, inclusive o digital;Anexo inteiro revogado;Portaria SRE-94/25;22/12/2025;23/12/2025;01/04/2026;Revogado (em vigor)
XI;PRODUTOS DE PERFUMARIA E DE HIGIENE PESSOAL;62;20.057.00;9603.2;Escovas e pincéis de barba, escovas para cabelos, para cílios ou para unhas e outras escovas de toucador de pessoas, incluídas as que sejam partes de aparelhos, exceto escovas de dentes;Anexo inteiro revogado;Portaria SRE-94/25;22/12/2025;23/12/2025;01/04/2026;Revogado (em vigor)
XI;PRODUTOS DE PERFUMARIA E DE HIGIENE PESSOAL;63;20.058.00;9603.21.00;Escovas de dentes, incluídas as escovas para dentaduras;Anexo inteiro revogado;Portaria SRE-94/25;22/12/2025;23/12/2025;01/04/2026;Revogado (em vigor)
XI;PRODUTOS DE PERFUMARIA E DE HIGIENE PESSOAL;64;20.059.00;9603.30.00;Pincéis para aplicação de produtos cosméticos;Anexo inteiro revogado;Portaria SRE-94/25;22/12/2025;23/12/2025;01/04/2026;Revogado (em vigor)
XI;PRODUTOS DE PERFUMARIA E DE HIGIENE PESSOAL;65;20.060.00;9605.00.00;Sortidos de viagem, para toucador de pessoas para costura ou para limpeza de calçado ou de roupas;Anexo inteiro revogado;Portaria SRE-94/25;22/12/2025;23/12/2025;01/04/2026;Revogado (em vigor)
XI;PRODUTOS DE PERFUMARIA E DE HIGIENE PESSOAL;66;20.061.00;9615;"Pentes, travessas para cabelo e artigos semelhantes; grampos (alfinetes) para cabelo; pinças (pinceguiches), onduladores, bobes (rolos) e artefatos semelhantes para penteados, e suas partes, exceto os classificados na posição 8516 e suas partes";Anexo inteiro revogado;Portaria SRE-94/25;22/12/2025;23/12/2025;01/04/2026;Revogado (em vigor)
XI;PRODUTOS DE PERFUMARIA E DE HIGIENE PESSOAL;67;20.062.00;9616.20.00;Borlas ou esponjas para pós ou para aplicação de outros cosméticos ou de produtos de toucador;Anexo inteiro revogado;Portaria SRE-94/25;22/12/2025;23/12/2025;01/04/2026;Revogado (em vigor)
XI;PRODUTOS DE PERFUMARIA E DE HIGIENE PESSOAL;68;20.063.00;3923.30.90 3924.10.00 3924.90.00 4014.90.90 7013;Mamadeiras;Anexo inteiro revogado;Portaria SRE-94/25;22/12/2025;23/12/2025;01/04/2026;Revogado (em vigor)
XI;PRODUTOS DE PERFUMARIA E DE HIGIENE PESSOAL;69;20.064.00;8212.10.20 8212.20.10;Aparelhos e lâminas de barbear;Anexo inteiro revogado;Portaria SRE-94/25;22/12/2025;23/12/2025;01/04/2026;Revogado (em vigor)
XII;RAÇÃO ANIMAL;1;22.001.00;2309;Ração tipo “pet” para animais domésticos;Anexo inteiro revogado;Portaria SRE-20/26;04/05/2026;05/05/2026;01/08/2026;Revogado (em vigor)
XIII;PRODUTOS DE LIMPEZA;1;11.001.00;2828.90.11 2828.90.19 3206.41.00 3402.50.00 3808.94.19;Água sanitária, branqueador e outros alvejantes;Anexo inteiro revogado;Portaria SRE-20/26;04/05/2026;05/05/2026;01/08/2026;Revogado (em vigor)
XIII;PRODUTOS DE LIMPEZA;2;11.002.00;3401.20.90 3808.94.19;Sabões, desinfetantes e sanitizantes, todos em pó, flocos, palhetas, grânulos ou outras formas semelhantes, para lavar roupas;Anexo inteiro revogado;Portaria SRE-20/26;04/05/2026;05/05/2026;01/08/2026;Revogado (em vigor)
XIII;PRODUTOS DE LIMPEZA;3;11.003.00;3401.20.90 3808.94.19;Sabões, desinfetantes e sanitizantes, todos líquidos para lavar roupas;Anexo inteiro revogado;Portaria SRE-20/26;04/05/2026;05/05/2026;01/08/2026;Revogado (em vigor)
XIII;PRODUTOS DE LIMPEZA;4;11.004.00;3402.50.00;Detergentes em pó, flocos, palhetas, grânulos ou outras formas semelhantes, inclusive adicionados de propriedades desinfetantes ou sanitizantes.;Anexo inteiro revogado;Portaria SRE-20/26;04/05/2026;05/05/2026;01/08/2026;Revogado (em vigor)
XIII;PRODUTOS DE LIMPEZA;5;11.005.00;3402.50.00;Detergentes líquidos, exceto para lavar roupa;Anexo inteiro revogado;Portaria SRE-20/26;04/05/2026;05/05/2026;01/08/2026;Revogado (em vigor)
XIII;PRODUTOS DE LIMPEZA;6;11.006.00;3402.50.00;Detergente líquido para lavar roupa, inclusive adicionados de propriedades desinfetantes ou sanitizantes,;Anexo inteiro revogado;Portaria SRE-20/26;04/05/2026;05/05/2026;01/08/2026;Revogado (em vigor)
XIII;PRODUTOS DE LIMPEZA;7;11.007.00;3402;"Outros agentes orgânicos de superfície (exceto sabões); preparações tensoativas, preparações para lavagem (incluídas as preparações auxiliares para lavagem) e preparações para limpeza (inclusive multiuso e limpadores), mesmo contendo sabão, exceto os produtos descritos nos CEST 11.001.00, 11.004.00, 11.005.00 e 11.006.00; em embalagem de conteúdo inferior ou igual a 50 litros ou 50 kg";Anexo inteiro revogado;Portaria SRE-20/26;04/05/2026;05/05/2026;01/08/2026;Revogado (em vigor)
XIII;PRODUTOS DE LIMPEZA;8;11.008.00;3809.91.90;Amaciante/suavizante;Anexo inteiro revogado;Portaria SRE-20/26;04/05/2026;05/05/2026;01/08/2026;Revogado (em vigor)
XIII;PRODUTOS DE LIMPEZA;9;11.009.00;3924.10.00 3924.90.00 6805.30.10 6805.30.90;Esponjas para limpeza;Anexo inteiro revogado;Portaria SRE-20/26;04/05/2026;05/05/2026;01/08/2026;Revogado (em vigor)
XIII;PRODUTOS DE LIMPEZA;11;11.010.00;2207 2208.90.00;Álcool etílico para limpeza;Anexo inteiro revogado;Portaria SRE-20/26;04/05/2026;05/05/2026;01/08/2026;Revogado (em vigor)
XIII;PRODUTOS DE LIMPEZA;12;11.011.00;7323.10.00;"Esponjas e palhas de aço; esponjas para limpeza, polimento ou uso semelhantes; todas de uso doméstico";Anexo inteiro revogado;Portaria SRE-20/26;04/05/2026;05/05/2026;01/08/2026;Revogado (em vigor)
XIII;PRODUTOS DE LIMPEZA;13;11.012.00;3923.2;Sacos de lixo de conteúdo igual ou inferior a 100 litros;Anexo inteiro revogado;Portaria SRE-20/26;04/05/2026;05/05/2026;01/08/2026;Revogado (em vigor)
XIV;AUTOPEÇAS;1;01.001.00;3815.12.10 3815.12.90;Catalisadores em colmeia cerâmica ou metálica para conversão catalítica de gases de escape de veículos e outros catalisadores;Anexo inteiro revogado;Portaria SRE-34/26;29/06/2026;30/06/2026;01/10/2026;Revogação futura (não vigente em 30/09/2026)
XIV;AUTOPEÇAS;2;01.002.00;3917;Tubos e seus acessórios (por exemplo, juntas, cotovelos, flanges, uniões), de plásticos;Anexo inteiro revogado;Portaria SRE-34/26;29/06/2026;30/06/2026;01/10/2026;Revogação futura (não vigente em 30/09/2026)
XIV;AUTOPEÇAS;3;01.003.00;3918.10.00;Protetores de caçamba;Anexo inteiro revogado;Portaria SRE-34/26;29/06/2026;30/06/2026;01/10/2026;Revogação futura (não vigente em 30/09/2026)
XIV;AUTOPEÇAS;4;01.004.00;3923.30.00;Reservatórios de óleo;Anexo inteiro revogado;Portaria SRE-34/26;29/06/2026;30/06/2026;01/10/2026;Revogação futura (não vigente em 30/09/2026)
XIV;AUTOPEÇAS;5;01.005.00;3926.30.00;Frisos, decalques, molduras e acabamentos;Anexo inteiro revogado;Portaria SRE-34/26;29/06/2026;30/06/2026;01/10/2026;Revogação futura (não vigente em 30/09/2026)
XIV;AUTOPEÇAS;6;01.006.00;4010.3 5910.00.00;Correias de transmissão de borracha vulcanizada, de matérias têxteis, mesmo impregnadas, revestidas ou recobertas, de plástico, ou estratificadas com plástico ou reforçadas com metal ou com outras matérias;Anexo inteiro revogado;Portaria SRE-34/26;29/06/2026;30/06/2026;01/10/2026;Revogação futura (não vigente em 30/09/2026)
XIV;AUTOPEÇAS;7;01.007.00;4016.93.00 4823.90.9;Juntas, gaxetas e outros elementos com função semelhante de vedação;Anexo inteiro revogado;Portaria SRE-34/26;29/06/2026;30/06/2026;01/10/2026;Revogação futura (não vigente em 30/09/2026)
XIV;AUTOPEÇAS;8;01.008.00;4016.10.10;Partes de veículos automóveis, tratores e máquinas autopropulsadas;Anexo inteiro revogado;Portaria SRE-34/26;29/06/2026;30/06/2026;01/10/2026;Revogação futura (não vigente em 30/09/2026)
XIV;AUTOPEÇAS;9;01.009.00;4016.99.90 5705.00.00;Tapetes, revestimentos, mesmo confeccionados, batentes, buchas e coxins;Anexo inteiro revogado;Portaria SRE-34/26;29/06/2026;30/06/2026;01/10/2026;Revogação futura (não vigente em 30/09/2026)
XIV;AUTOPEÇAS;10;01.010.00;5903.90.00;Tecidos impregnados, revestidos, recobertos ou estratificados, com plástico;Anexo inteiro revogado;Portaria SRE-34/26;29/06/2026;30/06/2026;01/10/2026;Revogação futura (não vigente em 30/09/2026)
XIV;AUTOPEÇAS;11;01.011.00;5909.00.00;Mangueiras e tubos semelhantes, de matérias têxteis, mesmo com reforço ou acessórios de outras matérias;Anexo inteiro revogado;Portaria SRE-34/26;29/06/2026;30/06/2026;01/10/2026;Revogação futura (não vigente em 30/09/2026)
XIV;AUTOPEÇAS;12;01.012.00;6306.1;Encerados e toldos;Anexo inteiro revogado;Portaria SRE-34/26;29/06/2026;30/06/2026;01/10/2026;Revogação futura (não vigente em 30/09/2026)
XIV;AUTOPEÇAS;13;01.013.00;6506.10.00;Capacetes e artefatos de uso semelhante, de proteção, para uso em motocicletas, incluídos ciclomotores;Anexo inteiro revogado;Portaria SRE-34/26;29/06/2026;30/06/2026;01/10/2026;Revogação futura (não vigente em 30/09/2026)
XIV;AUTOPEÇAS;14;01.014.00;6813;Guarnições de fricção (por exemplo, placas, rolos, tiras, segmentos, discos, anéis, pastilhas), não montadas, para freios, embreagens ou qualquer outro mecanismo de fricção, à base de amianto, de outras substâncias minerais ou de celulose, mesmo combinadas com têxteis ou outras matérias;Anexo inteiro revogado;Portaria SRE-34/26;29/06/2026;30/06/2026;01/10/2026;Revogação futura (não vigente em 30/09/2026)
XIV;AUTOPEÇAS;15;01.015.00;7007.11.00 7007.21.00;Vidros de dimensões e formatos que permitam aplicação automotiva;Item revogado;Portaria SRE-64/25;01/10/2025;02/10/2025;01/01/2026;Revogado (em vigor)
XIV;AUTOPEÇAS;16;01.016.00;7009.10.00;Espelhos retrovisores;Anexo inteiro revogado;Portaria SRE-34/26;29/06/2026;30/06/2026;01/10/2026;Revogação futura (não vigente em 30/09/2026)
XIV;AUTOPEÇAS;17;01.017.00;7014.00.00;Lentes de faróis, lanternas e outros utensílios;Anexo inteiro revogado;Portaria SRE-34/26;29/06/2026;30/06/2026;01/10/2026;Revogação futura (não vigente em 30/09/2026)
XIV;AUTOPEÇAS;18;01.018.00;7311.00.00;Cilindro de aço para GNV (gás natural veicular);Anexo inteiro revogado;Portaria SRE-34/26;29/06/2026;30/06/2026;01/10/2026;Revogação futura (não vigente em 30/09/2026)
XIV;AUTOPEÇAS;19;01.020.00;7320;Molas e folhas de molas, de ferro ou aço;Anexo inteiro revogado;Portaria SRE-34/26;29/06/2026;30/06/2026;01/10/2026;Revogação futura (não vigente em 30/09/2026)
XIV;AUTOPEÇAS;20;01.021.00;7325;Obras moldadas, de ferro fundido, ferro ou aço, exceto as do código 7325.91.00;Anexo inteiro revogado;Portaria SRE-34/26;29/06/2026;30/06/2026;01/10/2026;Revogação futura (não vigente em 30/09/2026)
XIV;AUTOPEÇAS;21;01.022.00;7806.00;Peso de chumbo para balanceamento de roda;Anexo inteiro revogado;Portaria SRE-34/26;29/06/2026;30/06/2026;01/10/2026;Revogação futura (não vigente em 30/09/2026)
XIV;AUTOPEÇAS;22;01.023.00;8007.00.90;Peso para balanceamento de roda e outros utensílios de estanho;Anexo inteiro revogado;Portaria SRE-34/26;29/06/2026;30/06/2026;01/10/2026;Revogação futura (não vigente em 30/09/2026)
XIV;AUTOPEÇAS;23;01.024.00;8301.20 8301.60;Fechaduras e partes de fechaduras;Anexo inteiro revogado;Portaria SRE-34/26;29/06/2026;30/06/2026;01/10/2026;Revogação futura (não vigente em 30/09/2026)
XIV;AUTOPEÇAS;24;01.025.00;8301.70;Chaves apresentadas isoladamente;Anexo inteiro revogado;Portaria SRE-34/26;29/06/2026;30/06/2026;01/10/2026;Revogação futura (não vigente em 30/09/2026)
XIV;AUTOPEÇAS;25;01.026.00;8302.10.00 8302.30.00;Dobradiças, guarnições, ferragens e artigos semelhantes de metais comuns;Anexo inteiro revogado;Portaria SRE-34/26;29/06/2026;30/06/2026;01/10/2026;Revogação futura (não vigente em 30/09/2026)
XIV;AUTOPEÇAS;26;01.027.00;8310.00;Triângulo de segurança;Anexo inteiro revogado;Portaria SRE-34/26;29/06/2026;30/06/2026;01/10/2026;Revogação futura (não vigente em 30/09/2026)
XIV;AUTOPEÇAS;27;01.028.00;8407.3;Motores de pistão alternativo dos tipos utilizados para propulsão de veículos do Capítulo 87;Anexo inteiro revogado;Portaria SRE-34/26;29/06/2026;30/06/2026;01/10/2026;Revogação futura (não vigente em 30/09/2026)
XIV;AUTOPEÇAS;28;01.029.00;8408.20;Motores dos tipos utilizados para propulsão de veículos automotores;Anexo inteiro revogado;Portaria SRE-34/26;29/06/2026;30/06/2026;01/10/2026;Revogação futura (não vigente em 30/09/2026)
XIV;AUTOPEÇAS;29;01.030.00;8409.9;Partes reconhecíveis como exclusiva ou principalmente destinadas aos motores das posições 8407 ou 8408;Anexo inteiro revogado;Portaria SRE-34/26;29/06/2026;30/06/2026;01/10/2026;Revogação futura (não vigente em 30/09/2026)
XIV;AUTOPEÇAS;30;01.031.00;8412.2;Motores hidráulicos;Anexo inteiro revogado;Portaria SRE-34/26;29/06/2026;30/06/2026;01/10/2026;Revogação futura (não vigente em 30/09/2026)
XIV;AUTOPEÇAS;31;01.032.00;8413.30;Bombas para combustíveis, lubrificantes ou líquidos de arrefecimento, próprias para motores de ignição por centelha ou por compressão;Anexo inteiro revogado;Portaria SRE-34/26;29/06/2026;30/06/2026;01/10/2026;Revogação futura (não vigente em 30/09/2026)
XIV;AUTOPEÇAS;32;01.033.00;8414.10.00;Bombas de vácuo;Anexo inteiro revogado;Portaria SRE-34/26;29/06/2026;30/06/2026;01/10/2026;Revogação futura (não vigente em 30/09/2026)
XIV;AUTOPEÇAS;33;01.034.00;8414.80.1 8414.80.2;Compressores e turbocompressores de ar;Anexo inteiro revogado;Portaria SRE-34/26;29/06/2026;30/06/2026;01/10/2026;Revogação futura (não vigente em 30/09/2026)
XIV;AUTOPEÇAS;34;01.035.00;8413.91.90 8414.90.10 8414.90.3 8414.90.39;Partes das bombas, compressores e turbocompressores dos CEST 01.032.00, 01.033.00 e 01.034.00;Anexo inteiro revogado;Portaria SRE-34/26;29/06/2026;30/06/2026;01/10/2026;Revogação futura (não vigente em 30/09/2026)
XIV;AUTOPEÇAS;35;01.036.00;8415.20;Máquinas e aparelhos de ar condicionado;Anexo inteiro revogado;Portaria SRE-34/26;29/06/2026;30/06/2026;01/10/2026;Revogação futura (não vigente em 30/09/2026)
XIV;AUTOPEÇAS;36;01.037.00;8421.23.00;Aparelhos para filtrar óleos minerais nos motores de ignição por centelha ou por compressão;Anexo inteiro revogado;Portaria SRE-34/26;29/06/2026;30/06/2026;01/10/2026;Revogação futura (não vigente em 30/09/2026)
XIV;AUTOPEÇAS;37;01.038.00;8421.29.90;Filtros a vácuo;Anexo inteiro revogado;Portaria SRE-34/26;29/06/2026;30/06/2026;01/10/2026;Revogação futura (não vigente em 30/09/2026)
XIV;AUTOPEÇAS;38;01.039.00;8421.9;Partes dos aparelhos para filtrar ou depurar líquidos ou gases;Anexo inteiro revogado;Portaria SRE-34/26;29/06/2026;30/06/2026;01/10/2026;Revogação futura (não vigente em 30/09/2026)
XIV;AUTOPEÇAS;39;01.040.00;8424.10.00;Extintores, mesmo carregados;Anexo inteiro revogado;Portaria SRE-34/26;29/06/2026;30/06/2026;01/10/2026;Revogação futura (não vigente em 30/09/2026)
XIV;AUTOPEÇAS;40;01.041.00;8421.31.00;Filtros de entrada de ar para motores de ignição por centelha ou por compressão;Anexo inteiro revogado;Portaria SRE-34/26;29/06/2026;30/06/2026;01/10/2026;Revogação futura (não vigente em 30/09/2026)
XIV;AUTOPEÇAS;41;01.042.00;8421.32.00;Depuradores por conversão catalítica de gases de escape;Anexo inteiro revogado;Portaria SRE-34/26;29/06/2026;30/06/2026;01/10/2026;Revogação futura (não vigente em 30/09/2026)
XIV;AUTOPEÇAS;42;01.043.00;8425.42.00;Macacos;Anexo inteiro revogado;Portaria SRE-34/26;29/06/2026;30/06/2026;01/10/2026;Revogação futura (não vigente em 30/09/2026)
XIV;AUTOPEÇAS;43;01.044.00;8431.10.10;Partes para macacos do CEST 01.043.00;Anexo inteiro revogado;Portaria SRE-34/26;29/06/2026;30/06/2026;01/10/2026;Revogação futura (não vigente em 30/09/2026)
XIV;AUTOPEÇAS;44;01.045.00;8431.49.2;Partes reconhecíveis como exclusiva ou principalmente destinadas às máquinas agrícolas ou rodoviárias;Anexo inteiro revogado;Portaria SRE-34/26;29/06/2026;30/06/2026;01/10/2026;Revogação futura (não vigente em 30/09/2026)
XIV;AUTOPEÇAS;45;01.045.01;8433.90.90;Partes reconhecíveis como exclusiva ou principalmente destinadas às máquinas agrícolas ou rodoviárias;Anexo inteiro revogado;Portaria SRE-34/26;29/06/2026;30/06/2026;01/10/2026;Revogação futura (não vigente em 30/09/2026)
XIV;AUTOPEÇAS;46;01.046.00;8481.10.00;Válvulas redutoras de pressão;Anexo inteiro revogado;Portaria SRE-34/26;29/06/2026;30/06/2026;01/10/2026;Revogação futura (não vigente em 30/09/2026)
XIV;AUTOPEÇAS;47;01.047.00;8481.2;Válvulas para transmissão óleo-hidráulicas ou pneumáticas;Anexo inteiro revogado;Portaria SRE-34/26;29/06/2026;30/06/2026;01/10/2026;Revogação futura (não vigente em 30/09/2026)
XIV;AUTOPEÇAS;48;01.048.00;8481.80.92;Válvulas solenoides;Anexo inteiro revogado;Portaria SRE-34/26;29/06/2026;30/06/2026;01/10/2026;Revogação futura (não vigente em 30/09/2026)
XIV;AUTOPEÇAS;49;01.049.00;8482;Rolamentos;Anexo inteiro revogado;Portaria SRE-34/26;29/06/2026;30/06/2026;01/10/2026;Revogação futura (não vigente em 30/09/2026)
XIV;AUTOPEÇAS;50;01.050.00;8483;"Árvores de transmissão (incluídas as árvores de “cames” e virabrequins) e manivelas; mancais e “bronzes”; engrenagens e rodas de fricção; eixos de esferas ou de roletes; redutores, multiplicadores, caixas de transmissão e variadores de velocidade, incluídos os conversores de torque; volantes e polias, incluídas as polias para cadernais; embreagens e dispositivos de acoplamento, incluídas as juntas de articulação";Anexo inteiro revogado;Portaria SRE-34/26;29/06/2026;30/06/2026;01/10/2026;Revogação futura (não vigente em 30/09/2026)
XIV;AUTOPEÇAS;51;01.051.00;8484;"Juntas metaloplásticas; jogos ou sortidos de juntas de composições diferentes, apresentados em bolsas, envelopes ou embalagens semelhantes; juntas de vedação mecânicas (selos mecânicos)";Anexo inteiro revogado;Portaria SRE-34/26;29/06/2026;30/06/2026;01/10/2026;Revogação futura (não vigente em 30/09/2026)
XIV;AUTOPEÇAS;52;01.052.00;8505.20;Acoplamentos, embreagens, variadores de velocidade e freios, eletromagnéticos;Anexo inteiro revogado;Portaria SRE-34/26;29/06/2026;30/06/2026;01/10/2026;Revogação futura (não vigente em 30/09/2026)
XIV;AUTOPEÇAS;53;01.053.00;8507.10;Acumuladores elétricos de chumbo, do tipo utilizado para o arranque dos motores de pistão, exceto os classificados no CEST 01.053.01;Anexo inteiro revogado;Portaria SRE-34/26;29/06/2026;30/06/2026;01/10/2026;Revogação futura (não vigente em 30/09/2026)
XIV;AUTOPEÇAS;54;01.053.01;8507.10.10;Acumuladores elétricos de chumbo, do tipo utilizado para o arranque dos motores de pistão e de capacidade inferior ou igual a 20 Ah e tensão inferior ou igual a 12 V;Anexo inteiro revogado;Portaria SRE-34/26;29/06/2026;30/06/2026;01/10/2026;Revogação futura (não vigente em 30/09/2026)
XIV;AUTOPEÇAS;55;01.054.00;8511;"Aparelhos e dispositivos elétricos de ignição ou de arranque para motores de ignição por centelha ou por compressão (por exemplo, magnetos, dínamos-magnetos, bobinas de ignição, velas de ignição ou de aquecimento, motores de arranque); geradores (dínamos e alternadores, por exemplo) e conjuntores-disjuntores utilizados com estes motores";Anexo inteiro revogado;Portaria SRE-34/26;29/06/2026;30/06/2026;01/10/2026;Revogação futura (não vigente em 30/09/2026)
XIV;AUTOPEÇAS;56;01.055.00;8512.20 8512.40 8512.90.00;Aparelhos elétricos de iluminação ou de sinalização (exceto os da posição 8539), limpadores de para-brisas, degeladores e desembaçadores (desembaciadores) elétricos e suas partes;Anexo inteiro revogado;Portaria SRE-34/26;29/06/2026;30/06/2026;01/10/2026;Revogação futura (não vigente em 30/09/2026)
XIV;AUTOPEÇAS;57;01.056.00;8517.14.10;Telefones móveis do tipo dos utilizados em veículos automóveis;Anexo inteiro revogado;Portaria SRE-34/26;29/06/2026;30/06/2026;01/10/2026;Revogação futura (não vigente em 30/09/2026)
XIV;AUTOPEÇAS;58;01.057.00;8518;Alto-falantes, amplificadores elétricos de audiofrequência e partes;Anexo inteiro revogado;Portaria SRE-34/26;29/06/2026;30/06/2026;01/10/2026;Revogação futura (não vigente em 30/09/2026)
XIV;AUTOPEÇAS;59;01.058.00;8518.50.00;Aparelhos elétricos de amplificação de som para veículos automotores;Anexo inteiro revogado;Portaria SRE-34/26;29/06/2026;30/06/2026;01/10/2026;Revogação futura (não vigente em 30/09/2026)
XIV;AUTOPEÇAS;60;01.059.00;8519.81;Aparelhos de reprodução de som;Anexo inteiro revogado;Portaria SRE-34/26;29/06/2026;30/06/2026;01/10/2026;Revogação futura (não vigente em 30/09/2026)
XIV;AUTOPEÇAS;61;01.060.00;8525.50.1 8525.60.10;Aparelhos transmissores (emissores) de radiotelefonia ou radiotelegrafia (rádio receptor/transmissor);Anexo inteiro revogado;Portaria SRE-34/26;29/06/2026;30/06/2026;01/10/2026;Revogação futura (não vigente em 30/09/2026)
XIV;AUTOPEÇAS;62;01.061.00;8527.21.00;Aparelhos receptores de radiodifusão que só funcionem com fonte externa de energia combinados com um aparelho de gravação ou de reprodução de som, do tipo utilizado em veículos automóveis;Anexo inteiro revogado;Portaria SRE-34/26;29/06/2026;30/06/2026;01/10/2026;Revogação futura (não vigente em 30/09/2026)
XIV;AUTOPEÇAS;63;01.062.00;8527.29.00;Outros aparelhos receptores de radiodifusão que só funcionem com fonte externa de energia, do tipo utilizado em veículos automóveis;Anexo inteiro revogado;Portaria SRE-34/26;29/06/2026;30/06/2026;01/10/2026;Revogação futura (não vigente em 30/09/2026)
XIV;AUTOPEÇAS;64;01.062.01;8521.90.90;Outros aparelhos videofônicos de gravação ou de reprodução, mesmo incorporando um receptor de sinais videofônicos, dos tipos utilizados exclusivamente em veículos automotores;Anexo inteiro revogado;Portaria SRE-34/26;29/06/2026;30/06/2026;01/10/2026;Revogação futura (não vigente em 30/09/2026)
XIV;AUTOPEÇAS;65;01.063.00;8529.10;Antenas;Anexo inteiro revogado;Portaria SRE-34/26;29/06/2026;30/06/2026;01/10/2026;Revogação futura (não vigente em 30/09/2026)
XIV;AUTOPEÇAS;66;01.064.00;8534.00;Circuitos impressos;Anexo inteiro revogado;Portaria SRE-34/26;29/06/2026;30/06/2026;01/10/2026;Revogação futura (não vigente em 30/09/2026)
XIV;AUTOPEÇAS;67;01.065.00;8535.30 8536.50;Interruptores e seccionadores e comutadores;Anexo inteiro revogado;Portaria SRE-34/26;29/06/2026;30/06/2026;01/10/2026;Revogação futura (não vigente em 30/09/2026)
XIV;AUTOPEÇAS;68;01.066.00;8536.10.00;Fusíveis e corta-circuitos de fusíveis;Anexo inteiro revogado;Portaria SRE-34/26;29/06/2026;30/06/2026;01/10/2026;Revogação futura (não vigente em 30/09/2026)
XIV;AUTOPEÇAS;69;01.067.00;8536.20.00;Disjuntores;Anexo inteiro revogado;Portaria SRE-34/26;29/06/2026;30/06/2026;01/10/2026;Revogação futura (não vigente em 30/09/2026)
XIV;AUTOPEÇAS;70;01.068.00;8536.4;Relés;Anexo inteiro revogado;Portaria SRE-34/26;29/06/2026;30/06/2026;01/10/2026;Revogação futura (não vigente em 30/09/2026)
XIV;AUTOPEÇAS;71;01.069.00;8538;Partes reconhecíveis como exclusivas ou principalmente destinados aos aparelhos dos CEST 01.065.00, 01.066.00, 01.067.00 e 01.068.00;Anexo inteiro revogado;Portaria SRE-34/26;29/06/2026;30/06/2026;01/10/2026;Revogação futura (não vigente em 30/09/2026)
XIV;AUTOPEÇAS;72;01.070.00;8539.10;Faróis e projetores, em unidades seladas;Anexo inteiro revogado;Portaria SRE-34/26;29/06/2026;30/06/2026;01/10/2026;Revogação futura (não vigente em 30/09/2026)
XIV;AUTOPEÇAS;73;01.071.00;8539.2;Lâmpadas e tubos de incandescência, exceto de raios ultravioleta ou infravermelhos;Anexo inteiro revogado;Portaria SRE-34/26;29/06/2026;30/06/2026;01/10/2026;Revogação futura (não vigente em 30/09/2026)
XIV;AUTOPEÇAS;74;01.072.00;8544.20.00;Cabos coaxiais e outros condutores elétricos coaxiais;Anexo inteiro revogado;Portaria SRE-34/26;29/06/2026;30/06/2026;01/10/2026;Revogação futura (não vigente em 30/09/2026)
XIV;AUTOPEÇAS;75;01.073.00;8544.30.00;Jogos de fios para velas de ignição e outros jogos de fios;Anexo inteiro revogado;Portaria SRE-34/26;29/06/2026;30/06/2026;01/10/2026;Revogação futura (não vigente em 30/09/2026)
XIV;AUTOPEÇAS;76;01.074.00;8707;Carroçarias para os veículos automóveis das posições 8701 a 8705, incluídas as cabinas;Anexo inteiro revogado;Portaria SRE-34/26;29/06/2026;30/06/2026;01/10/2026;Revogação futura (não vigente em 30/09/2026)
XIV;AUTOPEÇAS;77;01.075.00;8708;Partes e acessórios dos veículos automóveis das posições 8701 a 8705;Anexo inteiro revogado;Portaria SRE-34/26;29/06/2026;30/06/2026;01/10/2026;Revogação futura (não vigente em 30/09/2026)
XIV;AUTOPEÇAS;78;01.076.00;8714.1;Parte e acessórios de motocicletas (incluídos os ciclomotores);Anexo inteiro revogado;Portaria SRE-34/26;29/06/2026;30/06/2026;01/10/2026;Revogação futura (não vigente em 30/09/2026)
XIV;AUTOPEÇAS;79;01.077.00;8716.90.90;Engates para reboques e semirreboques;Anexo inteiro revogado;Portaria SRE-34/26;29/06/2026;30/06/2026;01/10/2026;Revogação futura (não vigente em 30/09/2026)
XIV;AUTOPEÇAS;80;01.078.00;9026.10;"Medidores de nível; Medidores de vazão";Anexo inteiro revogado;Portaria SRE-34/26;29/06/2026;30/06/2026;01/10/2026;Revogação futura (não vigente em 30/09/2026)
XIV;AUTOPEÇAS;81;01.079.00;9026.20;Aparelhos para medida ou controle da pressão;Anexo inteiro revogado;Portaria SRE-34/26;29/06/2026;30/06/2026;01/10/2026;Revogação futura (não vigente em 30/09/2026)
XIV;AUTOPEÇAS;82;01.080.00;9029;Contadores, indicadores de velocidade e tacômetros, suas partes e acessórios;Anexo inteiro revogado;Portaria SRE-34/26;29/06/2026;30/06/2026;01/10/2026;Revogação futura (não vigente em 30/09/2026)
XIV;AUTOPEÇAS;83;01.081.00;9030.33.21;Amperímetros;Anexo inteiro revogado;Portaria SRE-34/26;29/06/2026;30/06/2026;01/10/2026;Revogação futura (não vigente em 30/09/2026)
XIV;AUTOPEÇAS;84;01.082.00;9031.80.40;Aparelhos digitais, de uso em veículos automóveis, para medida e indicação de múltiplas grandezas tais como: velocidade média, consumos instantâneo e médio e autonomia (computador de bordo);Anexo inteiro revogado;Portaria SRE-34/26;29/06/2026;30/06/2026;01/10/2026;Revogação futura (não vigente em 30/09/2026)
XIV;AUTOPEÇAS;85;01.083.00;9032.89.2;Controladores eletrônicos;Anexo inteiro revogado;Portaria SRE-34/26;29/06/2026;30/06/2026;01/10/2026;Revogação futura (não vigente em 30/09/2026)
XIV;AUTOPEÇAS;86;01.084.00;9104.00.00;Relógios para painéis de instrumentos e relógios semelhantes;Anexo inteiro revogado;Portaria SRE-34/26;29/06/2026;30/06/2026;01/10/2026;Revogação futura (não vigente em 30/09/2026)
XIV;AUTOPEÇAS;87;01.085.00;9401.20.00 9401.99.00;Assentos e partes de assentos;Anexo inteiro revogado;Portaria SRE-34/26;29/06/2026;30/06/2026;01/10/2026;Revogação futura (não vigente em 30/09/2026)
XIV;AUTOPEÇAS;88;01.086.00;9613.80.00;Acendedores;Anexo inteiro revogado;Portaria SRE-34/26;29/06/2026;30/06/2026;01/10/2026;Revogação futura (não vigente em 30/09/2026)
XIV;AUTOPEÇAS;89;01.087.00;4009;Tubos de borracha vulcanizada não endurecida, mesmo providos de seus acessórios;Anexo inteiro revogado;Portaria SRE-34/26;29/06/2026;30/06/2026;01/10/2026;Revogação futura (não vigente em 30/09/2026)
XIV;AUTOPEÇAS;90;01.088.00;4504.90.00 6812.99.10;Juntas de vedação de cortiça natural e de amianto;Anexo inteiro revogado;Portaria SRE-34/26;29/06/2026;30/06/2026;01/10/2026;Revogação futura (não vigente em 30/09/2026)
XIV;AUTOPEÇAS;91;01.089.00;4823.40.00;Papel-diagrama para tacógrafo, em disco;Anexo inteiro revogado;Portaria SRE-34/26;29/06/2026;30/06/2026;01/10/2026;Revogação futura (não vigente em 30/09/2026)
XIV;AUTOPEÇAS;92;01.090.00;3919.10 3919.90 8708.29.99;"Fitas, tiras, adesivos, autocolantes, de plástico, refletores, mesmo em rolos; placas metálicas com película de plástico refletora, próprias para colocação em carrocerias, para-choques de veículos de carga, motocicletas, ciclomotores, capacetes, bonés de agentes de trânsito e de condutores de veículos, atuando como dispositivos refletivos de segurança rodoviários";Anexo inteiro revogado;Portaria SRE-34/26;29/06/2026;30/06/2026;01/10/2026;Revogação futura (não vigente em 30/09/2026)
XIV;AUTOPEÇAS;93;01.091.00;8412.31.10;Cilindros pneumáticos;Anexo inteiro revogado;Portaria SRE-34/26;29/06/2026;30/06/2026;01/10/2026;Revogação futura (não vigente em 30/09/2026)
XIV;AUTOPEÇAS;94;01.092.00;8413.19.00 8413.50.90 8413.81.00;Bomba elétrica de lavador de para-brisa;Anexo inteiro revogado;Portaria SRE-34/26;29/06/2026;30/06/2026;01/10/2026;Revogação futura (não vigente em 30/09/2026)
XIV;AUTOPEÇAS;95;01.093.00;8413.60.19 8413.70.10;Bomba de assistência de direção hidráulica;Anexo inteiro revogado;Portaria SRE-34/26;29/06/2026;30/06/2026;01/10/2026;Revogação futura (não vigente em 30/09/2026)
XIV;AUTOPEÇAS;96;01.094.00;8414.59.10 8414.59.90;Motoventiladores;Anexo inteiro revogado;Portaria SRE-34/26;29/06/2026;30/06/2026;01/10/2026;Revogação futura (não vigente em 30/09/2026)
XIV;AUTOPEÇAS;97;01.095.00;8421.39.90;Filtros de pólen do ar-condicionado;Anexo inteiro revogado;Portaria SRE-34/26;29/06/2026;30/06/2026;01/10/2026;Revogação futura (não vigente em 30/09/2026)
XIV;AUTOPEÇAS;98;01.096.00;8501.10.19;“Máquina” de vidro elétrico de porta;Anexo inteiro revogado;Portaria SRE-34/26;29/06/2026;30/06/2026;01/10/2026;Revogação futura (não vigente em 30/09/2026)
XIV;AUTOPEÇAS;99;01.097.00;8501.31.10;Motor de limpador de para-brisa;Anexo inteiro revogado;Portaria SRE-34/26;29/06/2026;30/06/2026;01/10/2026;Revogação futura (não vigente em 30/09/2026)
XIV;AUTOPEÇAS;100;01.098.00;8504.50.00;Bobinas de reatância e de autoindução;Anexo inteiro revogado;Portaria SRE-34/26;29/06/2026;30/06/2026;01/10/2026;Revogação futura (não vigente em 30/09/2026)
XIV;AUTOPEÇAS;101;01.099.00;8507.20 8507.30;Baterias de chumbo e de níquel-cádmio;Anexo inteiro revogado;Portaria SRE-34/26;29/06/2026;30/06/2026;01/10/2026;Revogação futura (não vigente em 30/09/2026)
XIV;AUTOPEÇAS;102;01.100.00;8512.30.00;Aparelhos de sinalização acústica (buzina);Anexo inteiro revogado;Portaria SRE-34/26;29/06/2026;30/06/2026;01/10/2026;Revogação futura (não vigente em 30/09/2026)
XIV;AUTOPEÇAS;103;01.101.00;9032.89.8 9032.89.9;Instrumentos para regulação de grandezas não elétricas;Anexo inteiro revogado;Portaria SRE-34/26;29/06/2026;30/06/2026;01/10/2026;Revogação futura (não vigente em 30/09/2026)
XIV;AUTOPEÇAS;104;01.102.00;9027.10.00;Analisadores de gases ou de fumaça (sonda lambda);Anexo inteiro revogado;Portaria SRE-34/26;29/06/2026;30/06/2026;01/10/2026;Revogação futura (não vigente em 30/09/2026)
XIV;AUTOPEÇAS;105;01.103.00;4008.11.00;Perfilados de borracha vulcanizada não endurecida;Anexo inteiro revogado;Portaria SRE-34/26;29/06/2026;30/06/2026;01/10/2026;Revogação futura (não vigente em 30/09/2026)
XIV;AUTOPEÇAS;106;01.104.00;5601.22.19;Artefatos de pasta de fibra de uso automotivo;Anexo inteiro revogado;Portaria SRE-34/26;29/06/2026;30/06/2026;01/10/2026;Revogação futura (não vigente em 30/09/2026)
XIV;AUTOPEÇAS;107;01.105.00;5703.29.00;Tapetes/carpetes – náilon;Anexo inteiro revogado;Portaria SRE-34/26;29/06/2026;30/06/2026;01/10/2026;Revogação futura (não vigente em 30/09/2026)
XIV;AUTOPEÇAS;108;01.106.00;5703.39.00;Tapetes de matérias têxteis sintéticas;Anexo inteiro revogado;Portaria SRE-34/26;29/06/2026;30/06/2026;01/10/2026;Revogação futura (não vigente em 30/09/2026)
XIV;AUTOPEÇAS;109;01.107.00;5911.90.00;Forração interior capacete;Anexo inteiro revogado;Portaria SRE-34/26;29/06/2026;30/06/2026;01/10/2026;Revogação futura (não vigente em 30/09/2026)
XIV;AUTOPEÇAS;110;01.108.00;6903.90.99;Outros para-brisas;Anexo inteiro revogado;Portaria SRE-34/26;29/06/2026;30/06/2026;01/10/2026;Revogação futura (não vigente em 30/09/2026)
XIV;AUTOPEÇAS;111;01.109.00;7007.29.00;Moldura com espelho;Anexo inteiro revogado;Portaria SRE-34/26;29/06/2026;30/06/2026;01/10/2026;Revogação futura (não vigente em 30/09/2026)
XIV;AUTOPEÇAS;112;01.110.00;7314.50.00;Corrente de transmissão;Item revogado;Portaria SRE-69/22;14/09/2022;15/09/2022;01/10/2022;Revogado (em vigor)
XIV;AUTOPEÇAS;113;01.111.00;7315.11.00;Corrente transmissão;Anexo inteiro revogado;Portaria SRE-34/26;29/06/2026;30/06/2026;01/10/2026;Revogação futura (não vigente em 30/09/2026)
XIV;AUTOPEÇAS;114;01.113.00;8418.99.00;Condensador tubular metálico;Anexo inteiro revogado;Portaria SRE-34/26;29/06/2026;30/06/2026;01/10/2026;Revogação futura (não vigente em 30/09/2026)
XIV;AUTOPEÇAS;115;01.114.00;8419.50;Trocadores de calor;Anexo inteiro revogado;Portaria SRE-34/26;29/06/2026;30/06/2026;01/10/2026;Revogação futura (não vigente em 30/09/2026)
XIV;AUTOPEÇAS;116;01.115.00;8424.90.90;Partes de aparelhos mecânicos de pulverizar ou dispersar;Anexo inteiro revogado;Portaria SRE-34/26;29/06/2026;30/06/2026;01/10/2026;Revogação futura (não vigente em 30/09/2026)
XIV;AUTOPEÇAS;117;01.116.00;8425.49.10;Macacos manuais para veículos;Anexo inteiro revogado;Portaria SRE-34/26;29/06/2026;30/06/2026;01/10/2026;Revogação futura (não vigente em 30/09/2026)
XIV;AUTOPEÇAS;118;01.117.00;8431.41.00;Caçambas, pás, ganchos e tenazes para máquinas rodoviárias;Anexo inteiro revogado;Portaria SRE-34/26;29/06/2026;30/06/2026;01/10/2026;Revogação futura (não vigente em 30/09/2026)
XIV;AUTOPEÇAS;119;01.118.00;8501.61.00;Geradores de corrente alternada de potência não superior a 75 kva;Anexo inteiro revogado;Portaria SRE-34/26;29/06/2026;30/06/2026;01/10/2026;Revogação futura (não vigente em 30/09/2026)
XIV;AUTOPEÇAS;120;01.119.00;8531.10.90;Aparelhos elétricos para alarme de uso automotivo;Anexo inteiro revogado;Portaria SRE-34/26;29/06/2026;30/06/2026;01/10/2026;Revogação futura (não vigente em 30/09/2026)
XIV;AUTOPEÇAS;121;01.120.00;9014.10.00;Bússolas;Anexo inteiro revogado;Portaria SRE-34/26;29/06/2026;30/06/2026;01/10/2026;Revogação futura (não vigente em 30/09/2026)
XIV;AUTOPEÇAS;122;01.121.00;9025.19.90;Indicadores de temperatura;Anexo inteiro revogado;Portaria SRE-34/26;29/06/2026;30/06/2026;01/10/2026;Revogação futura (não vigente em 30/09/2026)
XIV;AUTOPEÇAS;123;01.122.00;9025.90.10;Partes de indicadores de temperatura;Anexo inteiro revogado;Portaria SRE-34/26;29/06/2026;30/06/2026;01/10/2026;Revogação futura (não vigente em 30/09/2026)
XIV;AUTOPEÇAS;124;01.123.00;9026.90;Partes de aparelhos de medida ou controle;Anexo inteiro revogado;Portaria SRE-34/26;29/06/2026;30/06/2026;01/10/2026;Revogação futura (não vigente em 30/09/2026)
XIV;AUTOPEÇAS;125;01.124.00;9032.10.10;Termostatos;Anexo inteiro revogado;Portaria SRE-34/26;29/06/2026;30/06/2026;01/10/2026;Revogação futura (não vigente em 30/09/2026)
XIV;AUTOPEÇAS;126;01.125.00;9032.10.90;Instrumentos e aparelhos para regulação;Anexo inteiro revogado;Portaria SRE-34/26;29/06/2026;30/06/2026;01/10/2026;Revogação futura (não vigente em 30/09/2026)
XIV;AUTOPEÇAS;127;01.126.00;9032.20.00;Pressostatos;Anexo inteiro revogado;Portaria SRE-34/26;29/06/2026;30/06/2026;01/10/2026;Revogação futura (não vigente em 30/09/2026)
XV;LÂMPADAS, REATORES E “STARTER”;1;09.001.00;8539;Lâmpadas elétricas;Anexo inteiro revogado;Portaria SRE-64/25;01/10/2025;02/10/2025;01/01/2026;Revogado (em vigor)
XV;LÂMPADAS, REATORES E “STARTER”;2;09.002.00;8540;Lâmpadas eletrônicas;Anexo inteiro revogado;Portaria SRE-64/25;01/10/2025;02/10/2025;01/01/2026;Revogado (em vigor)
XV;LÂMPADAS, REATORES E “STARTER”;3;09.003.00;8504.10.00;Reatores para lâmpadas ou tubos de descargas;Anexo inteiro revogado;Portaria SRE-64/25;01/10/2025;02/10/2025;01/01/2026;Revogado (em vigor)
XV;LÂMPADAS, REATORES E “STARTER”;4;09.004.00;8536.50;“Starter”;Anexo inteiro revogado;Portaria SRE-64/25;01/10/2025;02/10/2025;01/01/2026;Revogado (em vigor)
XV;LÂMPADAS, REATORES E “STARTER”;5;09.005.00;8539.52.00;Lâmpadas de LED (diodos emissores de luz);Anexo inteiro revogado;Portaria SRE-64/25;01/10/2025;02/10/2025;01/01/2026;Revogado (em vigor)
XVI;PRODUTOS DA INDÚSTRIA ALIMENTÍCIA;5;17.005.00;1704.90.10;Ovos de páscoa de chocolate branco;Item revogado;Portaria CAT-91/21;23/12/2021;24/12/2021;01/01/2022;Revogado (em vigor)
XVI;PRODUTOS DA INDÚSTRIA ALIMENTÍCIA;6;17.005.01;1806.90.00;Ovos de páscoa de chocolate;Item revogado;Portaria CAT-91/21;23/12/2021;24/12/2021;01/01/2022;Revogado (em vigor)
XVI;PRODUTOS DA INDÚSTRIA ALIMENTÍCIA;12;17.010.00;2009;"Sucos de frutas ou de produtos hortícolas; mistura de sucos";Item revogado;Portaria SRE-64/25;01/10/2025;02/10/2025;01/01/2026;Revogado (em vigor)
XVI;PRODUTOS DA INDÚSTRIA ALIMENTÍCIA;13;17.011.00;2009.89.2;Água de coco;Item revogado;Portaria SRE-64/25;01/10/2025;02/10/2025;01/01/2026;Revogado (em vigor)
XVI;PRODUTOS DA INDÚSTRIA ALIMENTÍCIA;28;17.030.00;1904.10.00 1904.90.00;Produtos à base de cereais, obtidos por expansão ou torrefação;Item revogado;Portaria SRE-64/25;01/10/2025;02/10/2025;01/01/2026;Revogado (em vigor)
XVI;PRODUTOS DA INDÚSTRIA ALIMENTÍCIA;29;17.031.00;1905.90.90;Salgadinhos diversos, exceto os classificados no CEST 17.031.01 e 17.031.02 (biscoitos de polvilho);Item revogado;Portaria SRE-64/25;01/10/2025;02/10/2025;01/01/2026;Revogado (em vigor)
XVI;PRODUTOS DA INDÚSTRIA ALIMENTÍCIA;30;17.031.01;1905.90.90;Salgadinhos diversos, derivados de farinha de trigo;Item revogado;Portaria SRE-64/25;01/10/2025;02/10/2025;01/01/2026;Revogado (em vigor)
XVI;PRODUTOS DA INDÚSTRIA ALIMENTÍCIA;31;17.032.00;2005.20.00 2005.9;Batata frita, inhame e mandioca fritos;Item revogado;Portaria SRE-64/25;01/10/2025;02/10/2025;01/01/2026;Revogado (em vigor)
XVI;PRODUTOS DA INDÚSTRIA ALIMENTÍCIA;32;17.033.00;2008.1;Amendoim e castanhas tipo aperitivo, em embalagem de conteúdo inferior ou igual a 1 kg;Item revogado;Portaria SRE-64/25;01/10/2025;02/10/2025;01/01/2026;Revogado (em vigor)
XVI;PRODUTOS DA INDÚSTRIA ALIMENTÍCIA;41;17.042.00;1704.90.90 1904.20.00 1904.90.00;Barra de cereais;Item revogado;Portaria SRE-64/25;01/10/2025;02/10/2025;01/01/2026;Revogado (em vigor)
XVI;PRODUTOS DA INDÚSTRIA ALIMENTÍCIA;42;17.043.00;1806.31.20 1806.32.20 1806.90.00;Barra de cereais contendo cacau;Item revogado;Portaria SRE-64/25;01/10/2025;02/10/2025;01/01/2026;Revogado (em vigor)
XVI;PRODUTOS DA INDÚSTRIA ALIMENTÍCIA;61;17.065.00;1507.90.11;Óleo de soja refinado, em recipientes com capacidade inferior ou igual a 5 litros, exceto as embalagens individuais de conteúdo inferior ou igual a 15 mililitros;Item revogado;Portaria SRE-64/25;01/10/2025;02/10/2025;01/01/2026;Revogado (em vigor)
XVI;PRODUTOS DA INDÚSTRIA ALIMENTÍCIA;62;17.066.00;1508;Óleo de amendoim refinado, em recipientes com capacidade inferior ou igual a 5 litros, exceto as embalagens individuais de conteúdo inferior ou igual a 15 mililitros;Item revogado;Portaria SRE-64/25;01/10/2025;02/10/2025;01/01/2026;Revogado (em vigor)
XVI;PRODUTOS DA INDÚSTRIA ALIMENTÍCIA;63;17.067.00;1509;Azeites de oliva, em recipientes com capacidade inferior a 2 litros, exceto as embalagens individuais de conteúdo inferior ou igual a 20 mililitros;Item revogado;Portaria SRE-64/25;01/10/2025;02/10/2025;01/01/2026;Revogado (em vigor)
XVI;PRODUTOS DA INDÚSTRIA ALIMENTÍCIA;64;17.068.00;1510;Outros óleos e respectivas frações, obtidos exclusivamente a partir de azeitonas, mesmo refinados, mas não quimicamente modificados, e misturas desses óleos ou frações com óleos ou frações da posição 15.09, em recipientes com capacidade inferior ou igual a 5 litros, exceto as embalagens individuais de conteúdo inferior ou igual a 15 mililitros;Item revogado;Portaria SRE-64/25;01/10/2025;02/10/2025;01/01/2026;Revogado (em vigor)
XVI;PRODUTOS DA INDÚSTRIA ALIMENTÍCIA;65;17.069.00;1512.19.11;Óleo de girassol em recipientes com capacidade inferior ou igual a 5 litros, exceto as embalagens individuais de conteúdo inferior ou igual a 15 mililitros;Item revogado;Portaria SRE-64/25;01/10/2025;02/10/2025;01/01/2026;Revogado (em vigor)
XVI;PRODUTOS DA INDÚSTRIA ALIMENTÍCIA;66;17.069.01;1512.29.10;Óleo de algodão refinado em recipientes com capacidade inferior ou igual a 5 litros, exceto as embalagens individuais de conteúdo inferior ou igual a 15 mililitros;Item revogado;Portaria SRE-64/25;01/10/2025;02/10/2025;01/01/2026;Revogado (em vigor)
XVI;PRODUTOS DA INDÚSTRIA ALIMENTÍCIA;67;17.070.00;1514.1;Óleo de canola, em recipientes com capacidade inferior ou igual a 5 litros, exceto as embalagens individuais de conteúdo inferior ou igual a 15 mililitros;Item revogado;Portaria SRE-64/25;01/10/2025;02/10/2025;01/01/2026;Revogado (em vigor)
XVI;PRODUTOS DA INDÚSTRIA ALIMENTÍCIA;68;17.071.00;1515.19.00;Óleo de linhaça refinado, em recipientes com capacidade inferior ou igual a 5 litros, exceto as embalagens individuais de conteúdo inferior ou igual a 15 mililitros;Item revogado;Portaria SRE-64/25;01/10/2025;02/10/2025;01/01/2026;Revogado (em vigor)
XVI;PRODUTOS DA INDÚSTRIA ALIMENTÍCIA;69;17.072.00;1515.29.10;Óleo de milho refinado, em recipientes com capacidade inferior ou igual a 5 litros, exceto as embalagens individuais de conteúdo inferior ou igual a 15 mililitros;Item revogado;Portaria SRE-64/25;01/10/2025;02/10/2025;01/01/2026;Revogado (em vigor)
XVI;PRODUTOS DA INDÚSTRIA ALIMENTÍCIA;70;17.073.00;1512.29.90;Outros óleos refinados, em recipientes com capacidade inferior ou igual a 5 litros, exceto as embalagens individuais de conteúdo inferior ou igual a 15 mililitros;Item revogado;Portaria SRE-64/25;01/10/2025;02/10/2025;01/01/2026;Revogado (em vigor)
XVI;PRODUTOS DA INDÚSTRIA ALIMENTÍCIA;71;17.074.00;1517.90.10;Misturas de óleos refinados, para consumo humano, em recipientes com capacidade inferior ou igual a 5 litros, exceto as embalagens individuais de conteúdo inferior ou igual a 15 mililitros;Item revogado;Portaria SRE-64/25;01/10/2025;02/10/2025;01/01/2026;Revogado (em vigor)
XVI;PRODUTOS DA INDÚSTRIA ALIMENTÍCIA;88;17.088.00;0710;Produtos hortícolas, cozidos em água ou vapor, congelados, em embalagens de conteúdo inferior ou igual a 1 kg;Item revogado;Portaria SRE-64/25;01/10/2025;02/10/2025;01/01/2026;Revogado (em vigor)
XVI;PRODUTOS DA INDÚSTRIA ALIMENTÍCIA;89;17.089.00;0811;Frutas, não cozidas ou cozidas em água ou vapor, congeladas, mesmo adicionadas de açúcar ou de outros edulcorantes, em embalagens de conteúdo inferior ou igual a 1 kg;Item revogado;Portaria SRE-64/25;01/10/2025;02/10/2025;01/01/2026;Revogado (em vigor)
XVI;PRODUTOS DA INDÚSTRIA ALIMENTÍCIA;90;17.090.00;2001;Produtos hortícolas, frutas e outras partes comestíveis de plantas, preparados ou conservados em vinagre ou em ácido acético, em embalagens de conteúdo inferior ou igual a 1 kg;Item revogado;Portaria SRE-64/25;01/10/2025;02/10/2025;01/01/2026;Revogado (em vigor)
XVI;PRODUTOS DA INDÚSTRIA ALIMENTÍCIA;91;17.091.00;2004;Outros produtos hortícolas preparados ou conservados, exceto em vinagre ou em ácido acético, congelados, com exceção dos produtos da posição 20.06, em embalagens de conteúdo inferior ou igual a 1 kg;Item revogado;Portaria SRE-64/25;01/10/2025;02/10/2025;01/01/2026;Revogado (em vigor)
XVI;PRODUTOS DA INDÚSTRIA ALIMENTÍCIA;92;17.092.00;2005;Outros produtos hortícolas preparados ou conservados, exceto em vinagre ou em ácido acético, não congelados, com exceção dos produtos da posição 20.06, excluídos batata, inhame e mandioca fritos, em embalagens de conteúdo inferior ou igual a 1 kg;Item revogado;Portaria SRE-64/25;01/10/2025;02/10/2025;01/01/2026;Revogado (em vigor)
XVI;PRODUTOS DA INDÚSTRIA ALIMENTÍCIA;93;17.093.00;2006.00.00;Produtos hortícolas, frutas, cascas de frutas e outras partes de plantas, conservados com açúcar (passados por calda, glaceados ou cristalizados), em embalagens de conteúdo inferior ou igual a 1 kg;Item revogado;Portaria SRE-64/25;01/10/2025;02/10/2025;01/01/2026;Revogado (em vigor)
XVI;PRODUTOS DA INDÚSTRIA ALIMENTÍCIA;94;17.094.00;2007;Doces, geleias, “marmelades”, purês e pastas de frutas, obtidos por cozimento, com ou sem adição de açúcar ou de outros edulcorantes, em embalagens de conteúdo inferior ou igual a 1 kg, exceto as embalagens individuais de conteúdo inferior ou igual a 10 g;Item revogado;Portaria SRE-64/25;01/10/2025;02/10/2025;01/01/2026;Revogado (em vigor)
XVI;PRODUTOS DA INDÚSTRIA ALIMENTÍCIA;95;17.095.00;2008;Frutas e outras partes comestíveis de plantas, preparadas ou conservadas de outro modo, com ou sem adição de açúcar ou de outros edulcorantes ou de álcool, não especificadas nem compreendidas em outras posições, excluídos os amendoins e castanhas tipo aperitivo, da posição 2008.1, em embalagens de conteúdo inferior ou igual a 1 kg;Item revogado;Portaria SRE-64/25;01/10/2025;02/10/2025;01/01/2026;Revogado (em vigor)
XVI;PRODUTOS DA INDÚSTRIA ALIMENTÍCIA;96;17.096.00;0901;Café torrado e moído, em embalagens de conteúdo inferior ou igual a 2 kg, exceto os classificados nos CEST 17.096.04 e 17.096.05;Item revogado;Portaria SRE-64/25;01/10/2025;02/10/2025;01/01/2026;Revogado (em vigor)
XVI;PRODUTOS DA INDÚSTRIA ALIMENTÍCIA;97;17.096.04;0901;Café torrado e moído, em cápsulas, exceto os descritos no CEST 17.096.05;Item revogado;Portaria SRE-64/25;01/10/2025;02/10/2025;01/01/2026;Revogado (em vigor)
XVI;PRODUTOS DA INDÚSTRIA ALIMENTÍCIA;98;17.096.05;0901;Café descafeinado torrado e moído, em cápsulas;Item revogado;Portaria SRE-64/25;01/10/2025;02/10/2025;01/01/2026;Revogado (em vigor)
XVI;PRODUTOS DA INDÚSTRIA ALIMENTÍCIA;99;17.097.00;0902 1211.90.90 2106.90.90;Chá, mesmo aromatizado;Item revogado;Portaria SRE-64/25;01/10/2025;02/10/2025;01/01/2026;Revogado (em vigor)
XVI;PRODUTOS DA INDÚSTRIA ALIMENTÍCIA;100;17.098.00;0903.00;Mate;Item revogado;Portaria SRE-64/25;01/10/2025;02/10/2025;01/01/2026;Revogado (em vigor)
XVI;PRODUTOS DA INDÚSTRIA ALIMENTÍCIA;101;17.099.00;1701.1 1701.99.00;Açúcar refinado, em embalagens de conteúdo inferior ou igual a 2 kg, exceto as embalagens contendo envelopes individualizados (sachês) de conteúdo inferior ou igual a 10 g;Item revogado;Portaria SRE-64/25;01/10/2025;02/10/2025;01/01/2026;Revogado (em vigor)
XVI;PRODUTOS DA INDÚSTRIA ALIMENTÍCIA;102;17.101.00;1701.1 1701.99.00;Açúcar cristal, em embalagens de conteúdo inferior ou igual a 2 kg, exceto as embalagens contendo envelopes individualizados (sachês) de conteúdo inferior ou igual a 10 g;Item revogado;Portaria SRE-64/25;01/10/2025;02/10/2025;01/01/2026;Revogado (em vigor)
XVI;PRODUTOS DA INDÚSTRIA ALIMENTÍCIA;103;17.103.00;1701.1 1701.99.00;Outros tipos de açúcar, em embalagens de conteúdo inferior ou igual a 2 kg, exceto as embalagens contendo envelopes individualizados (sachês) de conteúdo inferior ou igual a 10 g;Item revogado;Portaria SRE-64/25;01/10/2025;02/10/2025;01/01/2026;Revogado (em vigor)
XVI;PRODUTOS DA INDÚSTRIA ALIMENTÍCIA;104;17.106.00;2008.19.00;Milho para pipoca (micro-ondas);Item revogado;Portaria SRE-64/25;01/10/2025;02/10/2025;01/01/2026;Revogado (em vigor)
XVI;PRODUTOS DA INDÚSTRIA ALIMENTÍCIA;105;17.107.00;2101.1;Extratos, essências e concentrados de café e preparações à base destes extratos, essências ou concentrados ou à base de café, em embalagens de conteúdo inferior ou igual a 500 g, exceto os classificados no CEST 17.107.01;Item revogado;Portaria SRE-64/25;01/10/2025;02/10/2025;01/01/2026;Revogado (em vigor)
XVI;PRODUTOS DA INDÚSTRIA ALIMENTÍCIA;106;17.107.01;2101.1;Extratos, essências e concentrados de café e preparações à base destes extratos, essências ou concentrados ou à base de café, em cápsulas;Item revogado;Portaria SRE-64/25;01/10/2025;02/10/2025;01/01/2026;Revogado (em vigor)
XVI;PRODUTOS DA INDÚSTRIA ALIMENTÍCIA;107;17.108.00;2101.20;Extratos, essências e concentrados de chá ou de mate e preparações à base destes extratos, essências ou concentrados ou à base de chá ou de mate, em embalagens de conteúdo inferior ou igual a 500 g, exceto as bebidas prontas à base de mate ou chá e os itens classificados no CEST 17.108.01;Item revogado;Portaria SRE-64/25;01/10/2025;02/10/2025;01/01/2026;Revogado (em vigor)
XVI;PRODUTOS DA INDÚSTRIA ALIMENTÍCIA;108;17.108.01;2101.20;Extratos, essências e concentrados de chá ou de mate e preparações à base destes extratos, essências ou concentrados ou à base de chá ou de mate, em cápsulas;Item revogado;Portaria SRE-64/25;01/10/2025;02/10/2025;01/01/2026;Revogado (em vigor)
XVI;PRODUTOS DA INDÚSTRIA ALIMENTÍCIA;109;17.109.00;1806.90.00 1901.90.90 2101.11.90 2101.12.00;Preparações em pó para cappuccino e similares, em embalagens de conteúdo inferior ou igual a 500 g;Item revogado;Portaria SRE-64/25;01/10/2025;02/10/2025;01/01/2026;Revogado (em vigor)
XVI;PRODUTOS DA INDÚSTRIA ALIMENTÍCIA;110;17.110.00;2202.10.00;Refrescos e outras bebidas prontas para beber, à base de chá e mate;Item revogado;Portaria SRE-64/25;01/10/2025;02/10/2025;01/01/2026;Revogado (em vigor)
XVI;PRODUTOS DA INDÚSTRIA ALIMENTÍCIA;111;17.111.00;2202.10.00;Refrescos e outras bebidas não alcoólicas, exceto os refrigerantes e as demais bebidas nos CEST 03.007.00 e 17.110.00;Item revogado;Portaria SRE-64/25;01/10/2025;02/10/2025;01/01/2026;Revogado (em vigor)
XVI;PRODUTOS DA INDÚSTRIA ALIMENTÍCIA;112;17.112.00;2202.99.00;Néctares de frutas e outras bebidas não alcoólicas prontas para beber, exceto bebidas hidroeletrolíticas e energéticos;Item revogado;Portaria SRE-64/25;01/10/2025;02/10/2025;01/01/2026;Revogado (em vigor)
XVI;PRODUTOS DA INDÚSTRIA ALIMENTÍCIA;113;17.113.00;2101.20 2202.99.00;Bebidas prontas à base de mate ou chá;Item revogado;Portaria SRE-64/25;01/10/2025;02/10/2025;01/01/2026;Revogado (em vigor)
XVI;PRODUTOS DA INDÚSTRIA ALIMENTÍCIA;114;17.114.00;2202.99.00;Bebidas prontas à base de café;Item revogado;Portaria SRE-64/25;01/10/2025;02/10/2025;01/01/2026;Revogado (em vigor)
XVI;PRODUTOS DA INDÚSTRIA ALIMENTÍCIA;115;17.115.00;2202.99.00;Bebidas alimentares prontas à base de soja, leite ou cacau, inclusive os produtos denominados bebidas lácteas;Item revogado;Portaria SRE-64/25;01/10/2025;02/10/2025;01/01/2026;Revogado (em vigor)
XVII;MATERIAIS DE CONSTRUÇÃO E CONGÊNERES;17;10.017.00;3925.10.00 3925.90;Artefatos para apetrechamento de construções, de plásticos, não especificados nem compreendidos em outras posições, incluindo persianas, sancas, molduras, apliques e rosetas, caixilhos de polietileno e outros plásticos, exceto os descritos nos CEST 10.015.00 e 10.016.00;Item revogado;Portaria SRE-18/22;29/03/2022;30/03/2022;01/04/2022;Revogado (em vigor)
XVII;MATERIAIS DE CONSTRUÇÃO E CONGÊNERES;19;10.019.00;3925.30.00;Postigos, estores (incluídas as venezianas) e artefatos semelhantes e suas partes;Item revogado;Portaria SRE-18/22;29/03/2022;30/03/2022;01/04/2022;Revogado (em vigor)
XVII;MATERIAIS DE CONSTRUÇÃO E CONGÊNERES;24;10.025.00;6901.00.00;Tijolos, placas (lajes), ladrilhos e outras peças cerâmicas de farinhas siliciosas fósseis (“kieselghur”, tripolita, diatomita, por exemplo) ou de terras siliciosas semelhantes;Item revogado;Portaria SRE-64/25;01/10/2025;02/10/2025;01/01/2026;Revogado (em vigor)
XVII;MATERIAIS DE CONSTRUÇÃO E CONGÊNERES;25;10.026.00;6902;Tijolos, placas (lajes), ladrilhos e peças cerâmicas semelhantes, para uso na construção, refratários, que não sejam de farinhas siliciosas fósseis nem de terras siliciosas semelhantes;Item revogado;Portaria SRE-64/25;01/10/2025;02/10/2025;01/01/2026;Revogado (em vigor)
XVII;MATERIAIS DE CONSTRUÇÃO E CONGÊNERES;26;10.027.00;6904;Tijolos para construção, tijoleiras, tapa-vigas e produtos semelhantes, de cerâmica;Item revogado;Portaria SRE-64/25;01/10/2025;02/10/2025;01/01/2026;Revogado (em vigor)
XVII;MATERIAIS DE CONSTRUÇÃO E CONGÊNERES;27;10.028.00;6905;Telhas, elementos de chaminés, condutores de fumaça, ornamentos arquitetônicos, de cerâmica, e outros produtos cerâmicos para uso na construção;Item revogado;Portaria SRE-09/26;17/03/2026;18/03/2026;01/07/2026;Revogado (em vigor)
XVII;MATERIAIS DE CONSTRUÇÃO E CONGÊNERES;32;10.033.00;7003;Vidro vazado ou laminado, em chapas, folhas ou perfis, mesmo com camada absorvente, refletora ou não, mas sem qualquer outro trabalho;Item revogado;Portaria SRE-64/25;01/10/2025;02/10/2025;01/01/2026;Revogado (em vigor)
XVII;MATERIAIS DE CONSTRUÇÃO E CONGÊNERES;33;10.034.00;7004;Vidro estirado ou soprado, em folhas, mesmo com camada absorvente, refletora ou não, mas sem qualquer outro trabalho;Item revogado;Portaria SRE-64/25;01/10/2025;02/10/2025;01/01/2026;Revogado (em vigor)
XVII;MATERIAIS DE CONSTRUÇÃO E CONGÊNERES;34;10.035.00;7005;Vidro flotado e vidro desbastado ou polido em uma ou em ambas as faces, em chapas ou em folhas, mesmo com camada absorvente, refletora ou não, mas sem qualquer outro trabalho;Item revogado;Portaria SRE-64/25;01/10/2025;02/10/2025;01/01/2026;Revogado (em vigor)
XVII;MATERIAIS DE CONSTRUÇÃO E CONGÊNERES;35;10.036.00;7007.19.00;Vidros temperados;Item revogado;Portaria SRE-64/25;01/10/2025;02/10/2025;01/01/2026;Revogado (em vigor)
XVII;MATERIAIS DE CONSTRUÇÃO E CONGÊNERES;36;10.037.00;7007.29.00;Vidros laminados;Item revogado;Portaria SRE-64/25;01/10/2025;02/10/2025;01/01/2026;Revogado (em vigor)
XVII;MATERIAIS DE CONSTRUÇÃO E CONGÊNERES;37;10.038.00;7008;Vidros isolantes de paredes múltiplas;Item revogado;Portaria SRE-18/22;29/03/2022;30/03/2022;01/04/2022;Revogado (em vigor)
XVII;MATERIAIS DE CONSTRUÇÃO E CONGÊNERES;56;10.058.00;7318;Parafusos, pinos ou pernos, roscados, porcas, tira-fundos, ganchos roscados, rebites, chavetas, cavilhas, contrapinos, arruelas (incluídas as de pressão) e artefatos semelhantes, de ferro fundido, ferro ou aço;Item revogado;Portaria SRE-18/22;29/03/2022;30/03/2022;01/04/2022;Revogado (em vigor)
XVII;MATERIAIS DE CONSTRUÇÃO E CONGÊNERES;62;10.064.00;7411.10.10;Tubos de cobre e suas ligas, para instalações de água quente e gás, para uso na construção;Item revogado;Portaria SRE-19/26;29/04/2026;30/04/2026;01/08/2026;Revogado (em vigor)
XVII;MATERIAIS DE CONSTRUÇÃO E CONGÊNERES;71;10.073.00;7616;Outras obras de alumínio, próprias para construções, incluídas as persianas;Item revogado;Portaria SRE-18/22;29/03/2022;30/03/2022;01/04/2022;Revogado (em vigor)
XVII;MATERIAIS DE CONSTRUÇÃO E CONGÊNERES;78;10.080.00;7009;Espelhos de vidro, mesmo emoldurados, exceto os de uso automotivo;Item revogado;Portaria SRE-64/25;01/10/2025;02/10/2025;01/01/2026;Revogado (em vigor)
XVIII;FERRAMENTAS;1;08.001.00;4016.99.90;Ferramentas de borracha vulcanizada não endurecida;Anexo inteiro revogado;Portaria SRE-34/26;29/06/2026;30/06/2026;01/10/2026;Revogação futura (não vigente em 30/09/2026)
XVIII;FERRAMENTAS;2;08.002.00;4417.00.10 4417.00.90;Ferramentas, armações e cabos de ferramentas, de madeira;Anexo inteiro revogado;Portaria SRE-34/26;29/06/2026;30/06/2026;01/10/2026;Revogação futura (não vigente em 30/09/2026)
XVIII;FERRAMENTAS;3;08.003.00;6804;"Mós e artefatos semelhantes, sem armação, para moer, desfibrar, triturar, amolar, polir, retificar ou cortar; pedras para amolar ou para polir, manualmente, e suas partes, de pedras naturais, de abrasivos naturais ou artificiais aglomerados ou de cerâmica, mesmo com partes de outras matérias";Anexo inteiro revogado;Portaria SRE-34/26;29/06/2026;30/06/2026;01/10/2026;Revogação futura (não vigente em 30/09/2026)
XVIII;FERRAMENTAS;4;08.004.00;8201;"Pás, alviões, picaretas, enxadas, sachos, forcados e forquilhas, ancinhos e raspadeiras; machados, podões e ferramentas semelhantes com gume; tesouras de podar de todos os tipos; foices e foicinhas, facas para feno ou para palha, tesouras para sebes, cunhas e outras ferramentas manuais para agricultura, horticultura ou silvicultura";Anexo inteiro revogado;Portaria SRE-34/26;29/06/2026;30/06/2026;01/10/2026;Revogação futura (não vigente em 30/09/2026)
XVIII;FERRAMENTAS;5;08.007.00;8202;Serras manuais e outras folhas de serras (incluídas as fresas-serras e as folhas não dentadas para serrar), exceto as classificadas nos CEST 08.005.00 e 08.006.00;Anexo inteiro revogado;Portaria SRE-34/26;29/06/2026;30/06/2026;01/10/2026;Revogação futura (não vigente em 30/09/2026)
XVIII;FERRAMENTAS;6;08.008.00;8203;Limas, grosas, alicates (mesmo cortantes), tenazes, pinças, cisalhas para metais, corta-tubos, corta-pinos, saca-bocados e ferramentas semelhantes, manuais, exceto as pinças para sobrancelhas classificadas na posição 8203.20.90;Anexo inteiro revogado;Portaria SRE-34/26;29/06/2026;30/06/2026;01/10/2026;Revogação futura (não vigente em 30/09/2026)
XVIII;FERRAMENTAS;7;08.009.00;8204;"Chaves de porcas, manuais (incluídas as chaves dinamométricas); chaves de caixa intercambiáveis, mesmo com cabos";Anexo inteiro revogado;Portaria SRE-34/26;29/06/2026;30/06/2026;01/10/2026;Revogação futura (não vigente em 30/09/2026)
XVIII;FERRAMENTAS;8;08.010.00;8205;"Ferramentas manuais (incluídos os diamantes de vidraceiro) não especificadas nem compreendidas em outras posições, lamparinas ou lâmpadas de soldar (maçaricos) e semelhantes; tornos de apertar, sargentos e semelhantes, exceto os acessórios ou partes de máquinas-ferramentas; bigornas; forjas-portáteis; mós com armação, manuais ou de pedal";Anexo inteiro revogado;Portaria SRE-34/26;29/06/2026;30/06/2026;01/10/2026;Revogação futura (não vigente em 30/09/2026)
XVIII;FERRAMENTAS;9;08.011.00;8206.00.00;Ferramentas de pelo menos duas das posições 8202 a 8205, acondicionadas em sortidos para venda a retalho;Anexo inteiro revogado;Portaria SRE-34/26;29/06/2026;30/06/2026;01/10/2026;Revogação futura (não vigente em 30/09/2026)
XVIII;FERRAMENTAS;10;08.013.00;8207;Outras ferramentas intercambiáveis para ferramentas manuais, mesmo mecânicas, ou para máquinas-ferramentas (por exemplo, de embutir, estampar, puncionar, furar, tornear, aparafusar), incluídas as fieiras de estiragem ou de extrusão, para metais, e as ferramentas de perfuração ou de sondagem, exceto forma ou gabarito de produtos em epoxy e as classificadas no CEST 08.012.00;Anexo inteiro revogado;Portaria SRE-34/26;29/06/2026;30/06/2026;01/10/2026;Revogação futura (não vigente em 30/09/2026)
XVIII;FERRAMENTAS;11;08.014.00;8208;Facas e lâminas cortantes, para máquinas ou para aparelhos mecânicos;Anexo inteiro revogado;Portaria SRE-34/26;29/06/2026;30/06/2026;01/10/2026;Revogação futura (não vigente em 30/09/2026)
XVIII;FERRAMENTAS;12;08.016.00;8209.00;Outras plaquetas, varetas, pontas e objetos semelhantes para ferramentas, não montados, de ceramais (“cermets”), exceto as classificadas no CEST 08.015.00;Anexo inteiro revogado;Portaria SRE-34/26;29/06/2026;30/06/2026;01/10/2026;Revogação futura (não vigente em 30/09/2026)
XVIII;FERRAMENTAS;13;08.017.00;8211;Facas de lâmina cortante ou serrilhada, incluídas as podadeiras de lâmina móvel, e suas lâminas, exceto as de uso doméstico;Anexo inteiro revogado;Portaria SRE-34/26;29/06/2026;30/06/2026;01/10/2026;Revogação futura (não vigente em 30/09/2026)
XVIII;FERRAMENTAS;14;08.018.00;8213;Tesouras e suas lâminas;Anexo inteiro revogado;Portaria SRE-34/26;29/06/2026;30/06/2026;01/10/2026;Revogação futura (não vigente em 30/09/2026)
XVIII;FERRAMENTAS;15;08.019.00;8467;Ferramentas pneumáticas, hidráulicas ou com motor (elétrico ou não elétrico) incorporado, de uso manual, exceto o descrito no CEST 08.019.01;Anexo inteiro revogado;Portaria SRE-34/26;29/06/2026;30/06/2026;01/10/2026;Revogação futura (não vigente em 30/09/2026)
XVIII;FERRAMENTAS;16;08.020.00;9015;"Instrumentos e aparelhos de geodesia, topografia, agrimensura, nivelamento, fotogrametria, hidrografia, oceanografia, hidrologia, meteorologia ou de geofísica, exceto bussolas; telêmetros";Anexo inteiro revogado;Portaria SRE-34/26;29/06/2026;30/06/2026;01/10/2026;Revogação futura (não vigente em 30/09/2026)
XVIII;FERRAMENTAS;17;08.021.00;9017.20.00 9017.30 9017.80 9017.90.90;"Instrumentos de desenho, de traçado ou de cálculo; metros, micrômetros, paquímetros, calibres e semelhantes; partes e acessórios";Anexo inteiro revogado;Portaria SRE-34/26;29/06/2026;30/06/2026;01/10/2026;Revogação futura (não vigente em 30/09/2026)
XVIII;FERRAMENTAS;18;08.022.00;9025.11.90 9025.90.10;Termômetros, suas partes e acessórios;Anexo inteiro revogado;Portaria SRE-34/26;29/06/2026;30/06/2026;01/10/2026;Revogação futura (não vigente em 30/09/2026)
XVIII;FERRAMENTAS;19;08.023.00;9025.19 9025.90.90;Pirômetros, suas partes e acessórios;Anexo inteiro revogado;Portaria SRE-34/26;29/06/2026;30/06/2026;01/10/2026;Revogação futura (não vigente em 30/09/2026)
XIX;PRODUTOS DE PAPELARIA E PAPEL;1;19.001.00;3213.10.00;Tinta guache;Anexo inteiro revogado;Portaria SRE-09/26;17/03/2026;18/03/2026;01/07/2026;Revogado (em vigor)
XIX;PRODUTOS DE PAPELARIA E PAPEL;2;19.002.00;3916.20.00;Espiral - perfil para encadernação, de plástico e outros materiais classificados nas posições 3901 a 3914;Anexo inteiro revogado;Portaria SRE-09/26;17/03/2026;18/03/2026;01/07/2026;Revogado (em vigor)
XIX;PRODUTOS DE PAPELARIA E PAPEL;3;19.003.00;3916.10.00 3916.90;Outros espirais - perfil para encadernação, de plástico e outros materiais classificados nas posições 3901 a 3914;Anexo inteiro revogado;Portaria SRE-09/26;17/03/2026;18/03/2026;01/07/2026;Revogado (em vigor)
XIX;PRODUTOS DE PAPELARIA E PAPEL;4;19.004.00;3926.10.00;Artigos de escritório e artigos escolares de plástico e outros materiais classificados nas posições 3901 a 3914, exceto estojos;Anexo inteiro revogado;Portaria SRE-09/26;17/03/2026;18/03/2026;01/07/2026;Revogado (em vigor)
XIX;PRODUTOS DE PAPELARIA E PAPEL;5;19.005.00;4202.1 4202.9;Maletas e pastas para documentos e de estudante, e artefatos semelhantes;Anexo inteiro revogado;Portaria SRE-09/26;17/03/2026;18/03/2026;01/07/2026;Revogado (em vigor)
XIX;PRODUTOS DE PAPELARIA E PAPEL;6;19.005.01;4202.1 4202.9;Baús, malas e maletas para viagem;Anexo inteiro revogado;Portaria SRE-09/26;17/03/2026;18/03/2026;01/07/2026;Revogado (em vigor)
XIX;PRODUTOS DE PAPELARIA E PAPEL;7;19.006.00;3926.90.90;Prancheta de plástico;Anexo inteiro revogado;Portaria SRE-09/26;17/03/2026;18/03/2026;01/07/2026;Revogado (em vigor)
XIX;PRODUTOS DE PAPELARIA E PAPEL;8;19.007.00;4802.20.90 4811.90.90;Bobina para fax;Anexo inteiro revogado;Portaria SRE-09/26;17/03/2026;18/03/2026;01/07/2026;Revogado (em vigor)
XIX;PRODUTOS DE PAPELARIA E PAPEL;9;19.008.00;4802.54.9;Papel seda;Anexo inteiro revogado;Portaria SRE-09/26;17/03/2026;18/03/2026;01/07/2026;Revogado (em vigor)
XIX;PRODUTOS DE PAPELARIA E PAPEL;10;19.009.00;4802.54.99 4802.57.99 4816.20.00;Bobina para máquina de calcular, PDV ou equipamentos similares;Anexo inteiro revogado;Portaria SRE-09/26;17/03/2026;18/03/2026;01/07/2026;Revogado (em vigor)
XIX;PRODUTOS DE PAPELARIA E PAPEL;11;19.010.00;4802.56.9 4802.57.9 4802.58.9;"Cartolina escolar e papel cartão, brancos e coloridos, cortados em folhas em que um lado seja inferior ou igual a 500 mm e o outro inferior ou igual a 700 mm, quando não dobradas, e peso igual ou superior a 120g/m²; recados autoadesivos (LP note); papéis de presente; todos cortados em tamanho pronto para uso escolar e doméstico";Anexo inteiro revogado;Portaria SRE-09/26;17/03/2026;18/03/2026;01/07/2026;Revogado (em vigor)
XIX;PRODUTOS DE PAPELARIA E PAPEL;12;19.011.00;3703.10.10 3703.10.29 3703.20.00 3703.90.10 3704.00.00 4802.20.00;Papel fotográfico, exceto: (i) os papéis fotográficos emulsionados com haleto de prata tipo brilhante, matte ou lustre, em rolo e, com largura igual ou superior a 102 mm e comprimento inferior ou igual a 350 m, (ii) os papéis fotográficos emulsionados com haleto de prata tipo brilhante ou fosco, em folha e com largura igual ou superior a 152 mm e comprimento inferior ou igual a 307 mm, (iii) papel de qualidade fotográfica com tecnologia “Thermo-autochrome”, que submetido a um processo de aquecimento seja capaz de formar imagens por reação química e combinação das camadas cyan, magenta e amarela;Anexo inteiro revogado;Portaria SRE-09/26;17/03/2026;18/03/2026;01/07/2026;Revogado (em vigor)
XIX;PRODUTOS DE PAPELARIA E PAPEL;13;19.012.00;4810.13.90;Papel almaço;Anexo inteiro revogado;Portaria SRE-09/26;17/03/2026;18/03/2026;01/07/2026;Revogado (em vigor)
XIX;PRODUTOS DE PAPELARIA E PAPEL;14;19.013.00;4816.90.10;Papel hectográfico;Anexo inteiro revogado;Portaria SRE-09/26;17/03/2026;18/03/2026;01/07/2026;Revogado (em vigor)
XIX;PRODUTOS DE PAPELARIA E PAPEL;15;19.014.00;3920.20.19;Papel celofane e tipo celofane;Anexo inteiro revogado;Portaria SRE-09/26;17/03/2026;18/03/2026;01/07/2026;Revogado (em vigor)
XIX;PRODUTOS DE PAPELARIA E PAPEL;16;19.015.00;4806.20.00;Papel impermeável;Anexo inteiro revogado;Portaria SRE-09/26;17/03/2026;18/03/2026;01/07/2026;Revogado (em vigor)
XIX;PRODUTOS DE PAPELARIA E PAPEL;17;19.016.00;4808.10.00;Papel crepon;Anexo inteiro revogado;Portaria SRE-09/26;17/03/2026;18/03/2026;01/07/2026;Revogado (em vigor)
XIX;PRODUTOS DE PAPELARIA E PAPEL;18;19.017.00;4810.22.90;Papel fantasia;Anexo inteiro revogado;Portaria SRE-09/26;17/03/2026;18/03/2026;01/07/2026;Revogado (em vigor)
XIX;PRODUTOS DE PAPELARIA E PAPEL;19;19.018.00;4809 4816;Papel-carbono, papel autocopiativo (exceto os vendidos em rolos de diâmetro igual ou superior a 60 cm e os vendidos em folhas de formato igual ou superior a 60 cm de altura e igual ou superior a 90 cm de largura) e outros papéis para cópia ou duplicação (incluídos os papéis para estênceis ou para chapas ofsete), estênceis completos e chapas ofsete, de papel, em folhas, mesmo acondicionados em caixas;Anexo inteiro revogado;Portaria SRE-09/26;17/03/2026;18/03/2026;01/07/2026;Revogado (em vigor)
XIX;PRODUTOS DE PAPELARIA E PAPEL;20;19.019.00;4817;Envelopes, aerogramas, bilhetes-postais não ilustrados e cartões para correspondência, de papel ou cartão, caixas, sacos e semelhantes, de papel ou cartão, contendo um sortido de artigos para correspondência;Anexo inteiro revogado;Portaria SRE-09/26;17/03/2026;18/03/2026;01/07/2026;Revogado (em vigor)
XIX;PRODUTOS DE PAPELARIA E PAPEL;21;19.020.00;4820.10.00;Livros de registro e de contabilidade, blocos de notas, de encomendas, de recibos, de apontamentos, de papel para cartas, agendas e artigos semelhantes;Anexo inteiro revogado;Portaria SRE-09/26;17/03/2026;18/03/2026;01/07/2026;Revogado (em vigor)
XIX;PRODUTOS DE PAPELARIA E PAPEL;22;19.021.00;4820.20.00;Cadernos;Anexo inteiro revogado;Portaria SRE-09/26;17/03/2026;18/03/2026;01/07/2026;Revogado (em vigor)
XIX;PRODUTOS DE PAPELARIA E PAPEL;23;19.022.00;4820.30.00;Classificadores, capas para encadernação (exceto as capas para livros) e capas de processos;Anexo inteiro revogado;Portaria SRE-09/26;17/03/2026;18/03/2026;01/07/2026;Revogado (em vigor)
XIX;PRODUTOS DE PAPELARIA E PAPEL;24;19.023.00;4820.40.00;Formulários em blocos tipo “manifold”, mesmo com folhas intercaladas de papel-carbono;Anexo inteiro revogado;Portaria SRE-09/26;17/03/2026;18/03/2026;01/07/2026;Revogado (em vigor)
XIX;PRODUTOS DE PAPELARIA E PAPEL;25;19.024.00;4820.50.00;Álbuns para amostras ou para coleções;Anexo inteiro revogado;Portaria SRE-09/26;17/03/2026;18/03/2026;01/07/2026;Revogado (em vigor)
XIX;PRODUTOS DE PAPELARIA E PAPEL;26;19.025.00;4820.90.00;Pastas para documentos, outros artigos escolares, de escritório ou de papelaria, de papel ou cartão e capas para livros, de papel ou cartão;Anexo inteiro revogado;Portaria SRE-09/26;17/03/2026;18/03/2026;01/07/2026;Revogado (em vigor)
XIX;PRODUTOS DE PAPELARIA E PAPEL;27;19.026.00;4909.00.00;Cartões postais impressos ou ilustrados, cartões impressos com votos ou mensagens pessoais, mesmo ilustrados, com ou sem envelopes, guarnições ou aplicações (conhecidos como cartões de expressão social - de época/sentimento);Anexo inteiro revogado;Portaria SRE-09/26;17/03/2026;18/03/2026;01/07/2026;Revogado (em vigor)
XIX;PRODUTOS DE PAPELARIA E PAPEL;28;19.027.00;9608.10.00;Canetas esferográficas;Anexo inteiro revogado;Portaria SRE-09/26;17/03/2026;18/03/2026;01/07/2026;Revogado (em vigor)
XIX;PRODUTOS DE PAPELARIA E PAPEL;29;19.028.00;9608.20.00;Canetas e marcadores, com ponta de feltro ou com outras pontas porosas;Anexo inteiro revogado;Portaria SRE-09/26;17/03/2026;18/03/2026;01/07/2026;Revogado (em vigor)
XIX;PRODUTOS DE PAPELARIA E PAPEL;30;19.029.00;9608.30.00;Canetas tinteiro;Anexo inteiro revogado;Portaria SRE-09/26;17/03/2026;18/03/2026;01/07/2026;Revogado (em vigor)
XIX;PRODUTOS DE PAPELARIA E PAPEL;31;19.030.00;9608;"Outras canetas; sortidos de canetas";Anexo inteiro revogado;Portaria SRE-09/26;17/03/2026;18/03/2026;01/07/2026;Revogado (em vigor)
XIX;PRODUTOS DE PAPELARIA E PAPEL;32;19.031.00;4802.56;Papel cortado “cutsize” (tipo A3, A4, ofício I e II, carta e outros);Anexo inteiro revogado;Portaria SRE-09/26;17/03/2026;18/03/2026;01/07/2026;Revogado (em vigor)
XIX;PRODUTOS DE PAPELARIA E PAPEL;33;19.032.00;5210.59.90;Papel camurça;Anexo inteiro revogado;Portaria SRE-09/26;17/03/2026;18/03/2026;01/07/2026;Revogado (em vigor)
XIX;PRODUTOS DE PAPELARIA E PAPEL;34;19.033.00;7607.11.90;Papel laminado e papel espelho;Anexo inteiro revogado;Portaria SRE-09/26;17/03/2026;18/03/2026;01/07/2026;Revogado (em vigor)
XX;ARTEFATOS DE USO DOMÉSTICO;1;14.001.00;7013;Objetos de vidro para serviço de mesa ou de cozinha;Anexo inteiro revogado;Portaria SRE-64/25;01/10/2025;02/10/2025;01/01/2026;Revogado (em vigor)
XX;ARTEFATOS DE USO DOMÉSTICO;2;14.002.00;7013.37.00;Outros copos, exceto de vitrocerâmica;Anexo inteiro revogado;Portaria SRE-64/25;01/10/2025;02/10/2025;01/01/2026;Revogado (em vigor)
XX;ARTEFATOS DE USO DOMÉSTICO;3;14.003.00;7013.42.90;Objetos para serviço de mesa (exceto copos) ou de cozinha, exceto de vitrocerâmica;Anexo inteiro revogado;Portaria SRE-64/25;01/10/2025;02/10/2025;01/01/2026;Revogado (em vigor)
XX;ARTEFATOS DE USO DOMÉSTICO;4;14.006.00;3924.10.00;Serviços de mesa e outros utensílios de mesa ou de cozinha, de plástico, não descartáveis;Anexo inteiro revogado;Portaria SRE-64/25;01/10/2025;02/10/2025;01/01/2026;Revogado (em vigor)
XX;ARTEFATOS DE USO DOMÉSTICO;5;14.006.01;3924.10.00;Serviços de mesa e outros utensílios de mesa ou de cozinha, de plástico, descartáveis;Anexo inteiro revogado;Portaria SRE-64/25;01/10/2025;02/10/2025;01/01/2026;Revogado (em vigor)
XX;ARTEFATOS DE USO DOMÉSTICO;6;14.007.00;6911.10.10;Artigos para serviço de mesa ou de cozinha, de porcelana, inclusive os descartáveis - estojos;Anexo inteiro revogado;Portaria SRE-64/25;01/10/2025;02/10/2025;01/01/2026;Revogado (em vigor)
XX;ARTEFATOS DE USO DOMÉSTICO;7;14.008.00;6911.10.90;Artigos para serviço de mesa ou de cozinha, de porcelana, inclusive os descartáveis - avulsos;Anexo inteiro revogado;Portaria SRE-64/25;01/10/2025;02/10/2025;01/01/2026;Revogado (em vigor)
XX;ARTEFATOS DE USO DOMÉSTICO;8;14.009.00;6912.00.00;Artigos para serviço de mesa ou de cozinha, de cerâmica;Anexo inteiro revogado;Portaria SRE-64/25;01/10/2025;02/10/2025;01/01/2026;Revogado (em vigor)
XX;ARTEFATOS DE USO DOMÉSTICO;9;14.010.00;6912.00.00;Velas para filtros;Anexo inteiro revogado;Portaria SRE-64/25;01/10/2025;02/10/2025;01/01/2026;Revogado (em vigor)
XX;ARTEFATOS DE USO DOMÉSTICO;10;14.011.00;4823.20.9;Filtros descartáveis para coar café ou chá;Anexo inteiro revogado;Portaria SRE-64/25;01/10/2025;02/10/2025;01/01/2026;Revogado (em vigor)
XX;ARTEFATOS DE USO DOMÉSTICO;11;14.012.00;4823.6;Bandejas, travessas, pratos, xícaras ou chávenas, taças, copos e artigos semelhantes, de papel ou cartão;Anexo inteiro revogado;Portaria SRE-64/25;01/10/2025;02/10/2025;01/01/2026;Revogado (em vigor)
XXI;MATERIAIS ELÉTRICOS;1;12.001.00;8504;"Transformadores, bobinas de reatância e de auto indução, inclusive os transformadores de potência superior a 16 KVA, classificados nas posições 8504.33.00 e 8504.34.00; exceto os demais transformadores da subposição 8504.3, os reatores para lâmpadas elétricas de descarga classificados no código 8504.10.00, os carregadores de acumuladores do código 8504.40.10, os equipamentos de alimentação ininterrupta de energia (UPS ou “no break”), no código 8504.40.40 e os de uso automotivo";Anexo inteiro revogado;Portaria SRE-34/26;29/06/2026;30/06/2026;01/10/2026;Revogação futura (não vigente em 30/09/2026)
XXI;MATERIAIS ELÉTRICOS;2;12.002.00;8516;"Aquecedores elétricos de água, incluídos os de imersão, chuveiros ou duchas elétricos, torneiras elétricas, resistências de aquecimento, inclusive as de duchas e chuveiros elétricos e suas partes; exceto outros fornos, fogareiros (incluídas as chapas de cocção), grelhas e assadeiras, classificados na posição 8516.60.00";Anexo inteiro revogado;Portaria SRE-34/26;29/06/2026;30/06/2026;01/10/2026;Revogação futura (não vigente em 30/09/2026)
XXI;MATERIAIS ELÉTRICOS;3;12.003.00;8535;Aparelhos para interrupção, seccionamento, proteção, derivação, ligação ou conexão de circuitos elétricos (por exemplo, interruptores, comutadores, corta-circuitos, para-raios, limitadores de tensão, eliminadores de onda, tomadas de corrente e outros conectores, caixas de junção), para tensão superior a 1.000V, exceto os de uso automotivo;Anexo inteiro revogado;Portaria SRE-34/26;29/06/2026;30/06/2026;01/10/2026;Revogação futura (não vigente em 30/09/2026)
XXI;MATERIAIS ELÉTRICOS;4;12.004.00;8536;"Aparelhos para interrupção, seccionamento, proteção, derivação, ligação ou conexão de circuitos elétricos (por exemplo, interruptores, comutadores, relés, corta-circuitos, eliminadores de onda, plugues e tomadas de corrente, suportes para lâmpadas e outros conectores, caixas de junção), para uma tensão não superior a 1.000V; conectores para fibras ópticas, feixes ou cabos de fibras ópticas; exceto “starter” classificado na subposição 8536.50 e os de uso automotivo";Anexo inteiro revogado;Portaria SRE-34/26;29/06/2026;30/06/2026;01/10/2026;Revogação futura (não vigente em 30/09/2026)
XXI;MATERIAIS ELÉTRICOS;5;12.005.00;8538;Partes reconhecíveis como exclusiva ou principalmente destinadas aos aparelhos das posições 8535 e 8536;Anexo inteiro revogado;Portaria SRE-34/26;29/06/2026;30/06/2026;01/10/2026;Revogação futura (não vigente em 30/09/2026)
XXI;MATERIAIS ELÉTRICOS;6;12.006.00;7413.00.00;Cabos, tranças e semelhantes, de cobre, não isolados para usos elétricos, exceto os de uso automotivo;Anexo inteiro revogado;Portaria SRE-34/26;29/06/2026;30/06/2026;01/10/2026;Revogação futura (não vigente em 30/09/2026)
XXI;MATERIAIS ELÉTRICOS;7;12.007.00;8544 7605 7614;"Fios, cabos (incluídos os cabos coaxiais) e outros condutores, isolados ou não, para usos elétricos (incluídos os de cobre ou alumínio, envernizados ou oxidados anodicamente), mesmo com peças de conexão, inclusive fios e cabos elétricos, para tensão não superior a 1000V, para uso na construção; fios e cabos telefônicos e para transmissão de dados; cabos de fibras ópticas, constituídos de fibras embainhadas individualmente, mesmo com condutores elétricos ou munidos de peças de conexão; cordas, cabos, tranças e semelhantes, de alumínio, não isolados para uso elétricos; exceto os de uso automotivo";Anexo inteiro revogado;Portaria SRE-34/26;29/06/2026;30/06/2026;01/10/2026;Revogação futura (não vigente em 30/09/2026)
XXI;MATERIAIS ELÉTRICOS;8;12.008.00;8546;Isoladores de qualquer matéria, para usos elétricos;Anexo inteiro revogado;Portaria SRE-34/26;29/06/2026;30/06/2026;01/10/2026;Revogação futura (não vigente em 30/09/2026)
XXI;MATERIAIS ELÉTRICOS;9;12.009.00;8547;"Peças isolantes inteiramente de matérias isolantes, ou com simples peças metálicas de montagem (suportes roscados, por exemplo) incorporadas na massa, para máquinas, aparelhos e instalações elétricas; tubos isoladores e suas peças de ligação, de metais comuns, isolados interiormente";Anexo inteiro revogado;Portaria SRE-34/26;29/06/2026;30/06/2026;01/10/2026;Revogação futura (não vigente em 30/09/2026)
XXII;PRODUTOS ELETRÔNICOS, ELETROELETRÔNICOS E ELETRODOMÉSTICOS;2;21.002.00;8418.10.00;Combinações de refrigeradores e congeladores (“freezers”), munidos de portas exteriores separadas;Item revogado;Portaria SRE-34/26;29/06/2026;30/06/2026;01/10/2026;Revogação futura (não vigente em 30/09/2026)
XXII;PRODUTOS ELETRÔNICOS, ELETROELETRÔNICOS E ELETRODOMÉSTICOS;3;21.003.00;8418.21.00;Refrigeradores do tipo doméstico, de compressão;Item revogado;Portaria SRE-34/26;29/06/2026;30/06/2026;01/10/2026;Revogação futura (não vigente em 30/09/2026)
XXII;PRODUTOS ELETRÔNICOS, ELETROELETRÔNICOS E ELETRODOMÉSTICOS;4;21.004.00;8418.29.00;Outros refrigeradores do tipo doméstico;Item revogado;Portaria SRE-34/26;29/06/2026;30/06/2026;01/10/2026;Revogação futura (não vigente em 30/09/2026)
XXII;PRODUTOS ELETRÔNICOS, ELETROELETRÔNICOS E ELETRODOMÉSTICOS;5;21.005.00;8418.30.00;Congeladores (“freezers”) horizontais tipo arca, de capacidade não superior a 800 litros;Item revogado;Portaria SRE-34/26;29/06/2026;30/06/2026;01/10/2026;Revogação futura (não vigente em 30/09/2026)
XXII;PRODUTOS ELETRÔNICOS, ELETROELETRÔNICOS E ELETRODOMÉSTICOS;6;21.006.00;8418.40.00;Congeladores (“freezers”) verticais tipo armário, de capacidade não superior a 900 litros;Item revogado;Portaria SRE-34/26;29/06/2026;30/06/2026;01/10/2026;Revogação futura (não vigente em 30/09/2026)
XXII;PRODUTOS ELETRÔNICOS, ELETROELETRÔNICOS E ELETRODOMÉSTICOS;7;21.007.00;8418.50;Outros móveis (arcas, armários, vitrines, balcões e móveis semelhantes) para a conservação e exposição de produtos, que incorporem um equipamento para a produção de frio;Item revogado;Portaria SRE-34/26;29/06/2026;30/06/2026;01/10/2026;Revogação futura (não vigente em 30/09/2026)
XXII;PRODUTOS ELETRÔNICOS, ELETROELETRÔNICOS E ELETRODOMÉSTICOS;8;21.008.00;8418.69.9;Mini adega e similares;Item revogado;Portaria SRE-34/26;29/06/2026;30/06/2026;01/10/2026;Revogação futura (não vigente em 30/09/2026)
XXII;PRODUTOS ELETRÔNICOS, ELETROELETRÔNICOS E ELETRODOMÉSTICOS;9;21.009.00;8418.69.99;Máquinas para produção de gelo;Item revogado;Portaria SRE-34/26;29/06/2026;30/06/2026;01/10/2026;Revogação futura (não vigente em 30/09/2026)
XXII;PRODUTOS ELETRÔNICOS, ELETROELETRÔNICOS E ELETRODOMÉSTICOS;10;21.010.00;8418.99.00;Partes dos refrigeradores, congeladores, mini adegas e similares, máquinas para produção de gelo e bebedouros descritos nos CEST 21.002.00, 21.003.00, 21.004.00, 21.005.00, 21.006.00, 21.007.00, 21.008.00, 21.009.00 e 21.013.00;Item revogado;Portaria SRE-34/26;29/06/2026;30/06/2026;01/10/2026;Revogação futura (não vigente em 30/09/2026)
XXII;PRODUTOS ELETRÔNICOS, ELETROELETRÔNICOS E ELETRODOMÉSTICOS;11;21.011.00;8421.12;Secadoras de roupa de uso doméstico;Item revogado;Portaria SRE-19/26;29/04/2026;30/04/2026;01/08/2026;Revogado (em vigor)
XXII;PRODUTOS ELETRÔNICOS, ELETROELETRÔNICOS E ELETRODOMÉSTICOS;12;21.012.00;8421.19.90;Outras secadoras de roupas e centrífugas de uso doméstico;Item revogado;Portaria SRE-19/26;29/04/2026;30/04/2026;01/08/2026;Revogado (em vigor)
XXII;PRODUTOS ELETRÔNICOS, ELETROELETRÔNICOS E ELETRODOMÉSTICOS;13;21.013.00;8418.69.31;Bebedouros refrigerados para água;Item revogado;Portaria SRE-19/26;29/04/2026;30/04/2026;01/08/2026;Revogado (em vigor)
XXII;PRODUTOS ELETRÔNICOS, ELETROELETRÔNICOS E ELETRODOMÉSTICOS;14;21.014.00;8421.9;Partes das secadoras de roupas e centrífugas de uso doméstico e dos aparelhos para filtrar ou depurar água, descritos nos CEST 21.011.00 e 21.012.00 e 21.098.00;Item revogado;Portaria SRE-19/26;29/04/2026;30/04/2026;01/08/2026;Revogado (em vigor)
XXII;PRODUTOS ELETRÔNICOS, ELETROELETRÔNICOS E ELETRODOMÉSTICOS;15;21.015.00;8422.11.00 8422.90.10;Máquinas de lavar louça do tipo doméstico e suas partes;Item revogado;Portaria SRE-34/26;29/06/2026;30/06/2026;01/10/2026;Revogação futura (não vigente em 30/09/2026)
XXII;PRODUTOS ELETRÔNICOS, ELETROELETRÔNICOS E ELETRODOMÉSTICOS;19;21.019.00;8450.11.00;Máquinas de lavar roupa, mesmo com dispositivos de secagem, de uso doméstico, de capacidade não superior a 10 kg, em peso de roupa seca, inteiramente automáticas;Item revogado;Portaria SRE-19/26;29/04/2026;30/04/2026;01/08/2026;Revogado (em vigor)
XXII;PRODUTOS ELETRÔNICOS, ELETROELETRÔNICOS E ELETRODOMÉSTICOS;20;21.020.00;8450.12.00;Outras máquinas de lavar roupa, mesmo com dispositivos de secagem, de uso doméstico, com secador centrífugo incorporado;Item revogado;Portaria SRE-19/26;29/04/2026;30/04/2026;01/08/2026;Revogado (em vigor)
XXII;PRODUTOS ELETRÔNICOS, ELETROELETRÔNICOS E ELETRODOMÉSTICOS;21;21.021.00;8450.19.00;Outras máquinas de lavar roupa, mesmo com dispositivos de secagem, de uso doméstico;Item revogado;Portaria SRE-19/26;29/04/2026;30/04/2026;01/08/2026;Revogado (em vigor)
XXII;PRODUTOS ELETRÔNICOS, ELETROELETRÔNICOS E ELETRODOMÉSTICOS;22;21.022.00;8450.20;Máquinas de lavar roupa, mesmo com dispositivos de secagem, de uso doméstico, de capacidade superior a 10 kg, em peso de roupa seca;Item revogado;Portaria SRE-19/26;29/04/2026;30/04/2026;01/08/2026;Revogado (em vigor)
XXII;PRODUTOS ELETRÔNICOS, ELETROELETRÔNICOS E ELETRODOMÉSTICOS;24;21.024.00;8451.21.00;Máquinas de secar de uso doméstico de capacidade não superior a 10 kg, em peso de roupa seca;Item revogado;Portaria SRE-19/26;29/04/2026;30/04/2026;01/08/2026;Revogado (em vigor)
XXII;PRODUTOS ELETRÔNICOS, ELETROELETRÔNICOS E ELETRODOMÉSTICOS;25;21.025.00;8451.29.90;Outras máquinas de secar de uso doméstico;Item revogado;Portaria SRE-19/26;29/04/2026;30/04/2026;01/08/2026;Revogado (em vigor)
XXII;PRODUTOS ELETRÔNICOS, ELETROELETRÔNICOS E ELETRODOMÉSTICOS;26;21.026.00;8451.90;Partes de máquinas de secar de uso doméstico;Item revogado;Portaria SRE-19/26;29/04/2026;30/04/2026;01/08/2026;Revogado (em vigor)
XXII;PRODUTOS ELETRÔNICOS, ELETROELETRÔNICOS E ELETRODOMÉSTICOS;27;21.027.00;8452.10.00;Máquinas de costura de uso doméstico;Item revogado;Portaria SRE-19/26;29/04/2026;30/04/2026;01/08/2026;Revogado (em vigor)
XXII;PRODUTOS ELETRÔNICOS, ELETROELETRÔNICOS E ELETRODOMÉSTICOS;39;21.040.00;8508;Aspiradores;Item revogado;Portaria SRE-19/26;29/04/2026;30/04/2026;01/08/2026;Revogado (em vigor)
XXII;PRODUTOS ELETRÔNICOS, ELETROELETRÔNICOS E ELETRODOMÉSTICOS;40;21.041.00;8509;Aparelhos eletromecânicos de motor elétrico incorporado, de uso doméstico e suas partes;Item revogado;Portaria SRE-19/26;29/04/2026;30/04/2026;01/08/2026;Revogado (em vigor)
XXII;PRODUTOS ELETRÔNICOS, ELETROELETRÔNICOS E ELETRODOMÉSTICOS;41;21.042.00;8509.80.10;Enceradeiras;Item revogado;Portaria SRE-19/26;29/04/2026;30/04/2026;01/08/2026;Revogado (em vigor)
XXII;PRODUTOS ELETRÔNICOS, ELETROELETRÔNICOS E ELETRODOMÉSTICOS;42;21.043.00;8516.10.00;Chaleiras elétricas;Item revogado;Portaria SRE-19/26;29/04/2026;30/04/2026;01/08/2026;Revogado (em vigor)
XXII;PRODUTOS ELETRÔNICOS, ELETROELETRÔNICOS E ELETRODOMÉSTICOS;43;21.044.00;8516.40.00;Ferros elétricos de passar;Item revogado;Portaria SRE-19/26;29/04/2026;30/04/2026;01/08/2026;Revogado (em vigor)
XXII;PRODUTOS ELETRÔNICOS, ELETROELETRÔNICOS E ELETRODOMÉSTICOS;45;21.046.00;8516.60.00;"Outros fornos; fogareiros (incluídas as chapas de cocção), grelhas e assadeiras, exceto os portáteis";Item revogado;Portaria SRE-19/26;29/04/2026;30/04/2026;01/08/2026;Revogado (em vigor)
XXII;PRODUTOS ELETRÔNICOS, ELETROELETRÔNICOS E ELETRODOMÉSTICOS;46;21.047.00;8516.60.00;"Outros fornos; fogareiros (incluídas as chapas de cocção), grelhas e assadeiras, portáteis";Item revogado;Portaria SRE-19/26;29/04/2026;30/04/2026;01/08/2026;Revogado (em vigor)
XXII;PRODUTOS ELETRÔNICOS, ELETROELETRÔNICOS E ELETRODOMÉSTICOS;47;21.048.00;8516.71.00;Outros aparelhos eletrotérmicos de uso doméstico - Cafeteiras;Item revogado;Portaria SRE-19/26;29/04/2026;30/04/2026;01/08/2026;Revogado (em vigor)
XXII;PRODUTOS ELETRÔNICOS, ELETROELETRÔNICOS E ELETRODOMÉSTICOS;48;21.049.00;8516.72.00;Outros aparelhos eletrotérmicos de uso doméstico - Torradeiras;Item revogado;Portaria SRE-19/26;29/04/2026;30/04/2026;01/08/2026;Revogado (em vigor)
XXII;PRODUTOS ELETRÔNICOS, ELETROELETRÔNICOS E ELETRODOMÉSTICOS;49;21.050.00;8516.79;Outros aparelhos eletrotérmicos de uso doméstico;Item revogado;Portaria SRE-19/26;29/04/2026;30/04/2026;01/08/2026;Revogado (em vigor)
XXII;PRODUTOS ELETRÔNICOS, ELETROELETRÔNICOS E ELETRODOMÉSTICOS;50;21.051.00;8516.90.00;Partes das chaleiras, ferros, fornos e outros aparelhos eletrotérmicos da posição 85.16, descritos nos CEST 21.043.00, 21.044.00, 21.045.00, 21.046.00, 21.047.00, 21.048.00, 21.049.00 e 21.050.00;Item revogado;Portaria SRE-19/26;29/04/2026;30/04/2026;01/08/2026;Revogado (em vigor)
XXII;PRODUTOS ELETRÔNICOS, ELETROELETRÔNICOS E ELETRODOMÉSTICOS;89;21.088.00;8414.5;Ventiladores, exceto os de uso agrícola e do CEST 21.088.01;Item revogado;Portaria SRE-19/26;29/04/2026;30/04/2026;01/08/2026;Revogado (em vigor)
XXII;PRODUTOS ELETRÔNICOS, ELETROELETRÔNICOS E ELETRODOMÉSTICOS;89.1;21.088.01;8414.59.10;Microventiladores com área de carcaça inferior a 90 cm²;Item revogado;Portaria SRE-19/26;29/04/2026;30/04/2026;01/08/2026;Revogado (em vigor)
XXII;PRODUTOS ELETRÔNICOS, ELETROELETRÔNICOS E ELETRODOMÉSTICOS;90;21.090.00;8414.60.00;Coifas com dimensão horizontal máxima não superior a 120 cm;Item revogado;Portaria SRE-19/26;29/04/2026;30/04/2026;01/08/2026;Revogado (em vigor)
XXII;PRODUTOS ELETRÔNICOS, ELETROELETRÔNICOS E ELETRODOMÉSTICOS;91;21.091.00;8414.90.20;Partes de ventiladores ou coifas aspirantes;Item revogado;Portaria SRE-19/26;29/04/2026;30/04/2026;01/08/2026;Revogado (em vigor)
XXII;PRODUTOS ELETRÔNICOS, ELETROELETRÔNICOS E ELETRODOMÉSTICOS;99;21.098.01;8421.21.00;Outros aparelhos elétricos para filtrar ou depurar água;Item revogado;Portaria SRE-19/26;29/04/2026;30/04/2026;01/08/2026;Revogado (em vigor)
XXII;PRODUTOS ELETRÔNICOS, ELETROELETRÔNICOS E ELETRODOMÉSTICOS;100;21.099.00;8424.30.10 8424.30.90 8424.90.90;Lavadora de alta pressão e suas partes;Item revogado;Portaria SRE-19/26;29/04/2026;30/04/2026;01/08/2026;Revogado (em vigor)
XXII;PRODUTOS ELETRÔNICOS, ELETROELETRÔNICOS E ELETRODOMÉSTICOS;101;21.100.00;8467.21.00;Furadeiras elétricas;Item revogado;Portaria SRE-19/26;29/04/2026;30/04/2026;01/08/2026;Revogado (em vigor)
XXII;PRODUTOS ELETRÔNICOS, ELETROELETRÔNICOS E ELETRODOMÉSTICOS;102;21.101.00;8516.2;Aparelhos elétricos para aquecimento de ambientes;Item revogado;Portaria SRE-19/26;29/04/2026;30/04/2026;01/08/2026;Revogado (em vigor)
XXII;PRODUTOS ELETRÔNICOS, ELETROELETRÔNICOS E ELETRODOMÉSTICOS;109;21.108.00;8423.10.00;Balanças de uso doméstico;Item revogado;Portaria SRE-19/26;29/04/2026;30/04/2026;01/08/2026;Revogado (em vigor)
